cell,split_id,run_id,common_epoch,sel_M1,sel_M0,grid_restricted,common_dAUC,common_negDP,common_negEO,indep_dAUC,indep_negDP,indep_negEO
NIFTY/German D0,20,0,496,522,384,False,0.024761904761904763,-0.04637206764866342,-0.048319327731092376,0.05287619047619041,-0.07378614293507912,-0.08613445378151263
NIFTY/German D0,20,1,986,986,263,False,0.054400000000000004,-0.1242498636115657,-0.1292016806722689,0.0075428571428571844,-0.06887615930169122,-0.09558823529411764
NIFTY/German D0,20,2,932,932,1000,False,0.034704761904761905,-0.10720130932896893,-0.10399159663865543,0.03447619047619044,-0.11361156573922532,-0.11239495798319321
NIFTY/German D0,20,3,964,988,409,False,0.04182857142857144,-0.04800872885979274,-0.07563025210084029,0.046704761904761916,-0.05414620840152756,-0.06932773109243695
NIFTY/German D0,20,4,1000,1000,1000,False,0.05676190476190468,-0.2415439170758319,-0.17331932773109238,0.05676190476190468,-0.2415439170758319,-0.17331932773109238
NIFTY/German D0,21,0,675,996,400,False,0.02224761904761907,0.10027641277641275,0.10399999999999998,0.052342857142857246,-0.02794840294840295,-0.01200000000000001
NIFTY/German D0,21,1,423,423,440,False,0.002590476190476143,0.06726044226044225,0.03600000000000003,0.0031999999999999806,0.05727886977886981,0.040000000000000036
NIFTY/German D0,21,2,1000,1000,1000,False,0.02780952380952373,-0.057278869778869757,0.02400000000000002,0.02780952380952373,-0.057278869778869757,0.02400000000000002
NIFTY/German D0,21,3,718,718,486,False,-0.048838095238095236,0.046990171990171956,0.027999999999999928,-0.04609523809523808,0.06894963144963144,0.05200000000000006
NIFTY/German D0,21,4,975,966,1000,False,0.01588571428571428,-0.14573095823095827,-0.11199999999999993,0.016380952380952385,-0.1251535626535627,-0.09200000000000003
NIFTY/German D0,22,0,895,999,419,False,-0.062209523809523826,0.08848314606741586,0.10400000000000004,0.09874285714285708,-0.2901061173533084,-0.24
NIFTY/German D0,22,1,722,722,468,False,-0.05401904761904752,0.12484394506866425,0.17599999999999988,-0.0325333333333333,0.17275280898876405,0.23199999999999993
NIFTY/German D0,22,2,999,999,1000,False,-0.06956190476190482,-0.025593008739076106,-0.007999999999999952,-0.06948571428571426,-0.025593008739076106,-0.007999999999999952
NIFTY/German D0,22,3,970,970,415,False,-0.03161904761904755,0.21239076154806483,0.16800000000000004,0.019885714285714284,0.33099250936329594,0.27999999999999997
NIFTY/German D0,22,4,999,999,1000,False,-0.038247619047618975,0.047128589263420756,-0.020000000000000018,-0.038247619047618975,0.047128589263420756,-0.020000000000000018
NIFTY/German D0,23,0,440,968,441,False,0.06499047619047615,-0.04852941176470582,-0.01200000000000001,0.05363809523809526,-0.08382352941176463,-0.06000000000000005
NIFTY/German D0,23,1,390,390,456,False,-0.016838095238095208,0.17941176470588244,0.17199999999999993,-0.024380952380952392,0.1536764705882353,0.18399999999999994
NIFTY/German D0,23,2,1000,1000,1000,False,-0.02293333333333325,-0.12941176470588234,-0.1160000000000001,-0.02293333333333325,-0.12941176470588234,-0.1160000000000001
NIFTY/German D0,23,3,1000,1000,424,False,-0.003809523809523818,0.04705882352941185,0.004000000000000031,0.002666666666666706,0.1286764705882353,0.07599999999999998
NIFTY/German D0,23,4,938,938,1000,False,-0.017752380952380964,-0.10147058823529409,-0.068,-0.018819047619047624,-0.09632352941176464,-0.05199999999999999
NIFTY/German D0,24,0,396,396,370,False,0.04434285714285713,-0.14550199820569287,-0.08427526595744683,0.059352380952380934,-0.14550199820569287,-0.08427526595744683
NIFTY/German D0,24,1,351,351,238,False,0.022704761904761894,-0.12193132697169895,-0.1389627659574469,0.03127619047619046,0.05717315064024131,0.05817819148936165
NIFTY/German D0,24,2,1000,1000,1000,False,0.035428571428571476,-0.3003833292553626,-0.3143284574468085,0.035428571428571476,-0.3003833292553626,-0.3143284574468085
NIFTY/German D0,24,3,984,984,401,False,-0.0035809523809523514,-0.18261153250142736,-0.11103723404255317,0.016380952380952385,-0.2175189625642281,-0.14926861702127658
NIFTY/German D0,24,4,744,582,1000,False,0.011580952380952358,-0.20577440665524832,-0.23919547872340424,-0.0023619047619046762,-0.2705325829867059,-0.3277925531914894
NIFTY/German D0,25,0,424,424,377,False,0.06613333333333338,-0.11433756805807616,-0.17120181405895696,0.10803809523809527,-0.11433756805807616,-0.17120181405895696
NIFTY/German D0,25,1,587,587,285,False,-0.05279999999999996,0.003024803387779884,0.12585034013605445,-0.03135238095238091,0.1643980641258319,0.20408163265306123
NIFTY/German D0,25,2,999,765,1000,False,-0.0027809523809523284,-0.003932244404113772,0.049886621315192725,0.01897142857142864,-0.027071990320629236,0.06462585034013613
NIFTY/German D0,25,3,876,877,422,False,-0.017523809523809608,-0.01966122202056869,0.021541950113378783,0.005333333333333301,0.003024803387779773,0.10430839002267572
NIFTY/German D0,25,4,956,956,1000,False,-0.024609523809523748,-0.014065335753176034,0.06802721088435382,-0.02499047619047612,-0.008318209316394376,0.07596371882086173
NIFTY/German D1,20,0,554,932,503,False,0.06750476190476185,-0.025095471903982536,-0.07457983193277307,0.09333333333333327,-0.1696672122204037,-0.19117647058823528
NIFTY/German D1,20,1,954,805,915,False,0.05752380952380953,-0.21017457719585386,-0.16386554621848726,0.0932952380952381,-0.13366066557555922,-0.11029411764705876
NIFTY/German D1,20,2,960,890,746,False,0.01870476190476189,-0.11252045826513901,-0.07457983193277318,0.03139047619047619,-0.07637752318603375,-0.07352941176470584
NIFTY/German D1,20,3,738,993,642,False,-0.022019047619047605,-0.28559738134206225,-0.21008403361344546,0.021257142857142863,-0.3517457719585379,-0.3308823529411765
NIFTY/German D1,20,4,997,997,975,False,-0.017904761904761868,0.07624113475177297,0.0934873949579832,-0.006476190476190413,-0.05319148936170215,-0.017857142857142905
NIFTY/German D1,21,0,504,978,475,False,0.053028571428571425,-0.01873464373464373,-0.05600000000000005,0.09607619047619043,-0.010135135135135087,-0.008000000000000007
NIFTY/German D1,21,1,976,987,690,False,0.012952380952380937,-0.08630221130221138,-0.136,0.03794285714285717,-0.11041154791154795,-0.08800000000000008
NIFTY/German D1,21,2,960,967,746,False,-0.01409523809523816,0.01858108108108103,-0.02400000000000002,-0.0011428571428572232,-0.0029176904176905216,-0.0040000000000000036
NIFTY/German D1,21,3,990,997,768,False,-0.020571428571428574,0.0036855036855036327,0.07600000000000001,0.016457142857142837,-0.06280712530712534,-0.020000000000000018
NIFTY/German D1,21,4,984,965,987,False,-0.02118095238095241,-0.19287469287469294,-0.20000000000000007,-0.00807619047619057,-0.2541461916461917,-0.22399999999999998
NIFTY/German D1,22,0,530,935,465,False,0.10140952380952378,-0.017478152309612915,-0.0039999999999998925,0.11885714285714288,-0.2047440699126093,-0.14800000000000002
NIFTY/German D1,22,1,352,415,267,False,0.06297142857142857,-0.043071161048689244,-0.06000000000000005,0.0816,-0.09066791510611738,-0.052000000000000046
NIFTY/German D1,22,2,992,1000,980,False,0.028266666666666662,-0.1991260923845194,-0.14800000000000002,0.06857142857142856,-0.21566791510611738,-0.15200000000000002
NIFTY/German D1,22,3,942,997,645,False,0.020876190476190493,-0.2534332084893882,-0.21199999999999997,0.09523809523809529,-0.3481585518102372,-0.352
NIFTY/German D1,22,4,996,992,999,False,0.06700952380952385,-0.4392946317103621,-0.4,0.05093333333333333,-0.448501872659176,-0.39599999999999996
NIFTY/German D1,23,0,446,996,521,False,0.08784761904761906,-0.039705882352941146,-0.027999999999999914,0.0816,-0.10220588235294126,-0.06800000000000006
NIFTY/German D1,23,1,486,746,482,False,0.03798095238095234,-0.05661764705882366,-0.0040000000000000036,0.07146666666666668,-0.1639705882352941,-0.09599999999999997
NIFTY/German D1,23,2,908,911,776,False,-0.031847619047619014,-0.13970588235294112,-0.128,-0.00316190476190481,-0.19044117647058822,-0.14800000000000002
NIFTY/German D1,23,3,882,879,524,False,0.07299047619047616,-0.29485294117647065,-0.22399999999999998,0.0991238095238095,-0.12720588235294117,-0.04799999999999999
NIFTY/German D1,23,4,851,851,999,False,-0.03131428571428574,-0.061764705882352944,-0.05999999999999994,0.004038095238095174,-0.11911764705882355,-0.09199999999999997
NIFTY/German D1,24,0,466,465,554,False,0.06704761904761902,-0.15895930185139873,-0.11120345744680848,0.09348571428571428,-0.13457303645705898,-0.11120345744680848
NIFTY/German D1,24,1,657,952,695,False,0.026514285714285712,-0.07022265720577436,-0.024767287234042534,0.07840000000000003,-0.2110757686974961,-0.18151595744680848
NIFTY/German D1,24,2,999,942,743,False,0.044571428571428595,-0.18522143381453393,-0.15026595744680848,0.06304761904761913,-0.1841611614060844,-0.13115026595744683
NIFTY/German D1,24,3,894,914,642,False,0.04022857142857139,-0.346056602234728,-0.33527260638297873,0.04053333333333331,-0.41668705652067534,-0.38563829787234044
NIFTY/German D1,24,4,979,998,979,False,0.03733333333333333,-0.18016475002038979,-0.11768617021276595,0.032914285714285674,-0.16271103498898942,-0.07729388297872342
NIFTY/German D1,25,0,473,473,442,False,0.060114285714285676,-0.018300060496067805,-0.01927437641723362,0.08819047619047615,-0.018300060496067805,-0.01927437641723362
NIFTY/German D1,25,1,329,368,238,False,-0.0040761904761904555,0.051724137931034475,0.031746031746031744,0.06472380952380952,0.09785238959467635,0.08163265306122447
NIFTY/German D1,25,2,941,999,671,False,-0.0011428571428571122,0.06473079249848757,0.05442176870748294,0.004266666666666641,0.005747126436781658,-0.0011337868480725266
NIFTY/German D1,25,3,844,990,857,False,-0.01729523809523814,-0.05641258318209319,-0.04308390022675729,0.04548571428571424,-0.17982456140350872,-0.2403628117913832
NIFTY/German D1,25,4,804,922,804,False,-0.10399999999999998,0.0009074410163339985,0.017006802721088454,-0.08830476190476189,0.0009074410163339985,0.017006802721088454
FairGB/Bail,20,0,200,790,267,True,0.0569324102389851,-0.03011656261772,-0.003752001830244711,0.04498056925426952,-0.16336307666648453,-0.022794173720735222
FairGB/Bail,20,1,100,971,89,True,0.01656463420607157,-0.015316546514336282,-0.044398688324563396,0.06533607384142559,-0.007287859486474535,-0.03646762754518418
FairGB/Bail,20,2,150,1378,68,True,0.06189168908970133,-0.03146342375191585,0.006566003202928439,0.06761530261148008,0.0031874275707183264,-0.04073057271410041
FairGB/Bail,20,3,150,1162,44,True,0.017071065714032052,0.0003371645967109038,-0.09928315412186373,0.07486318505049383,-0.02394677400338746,0.018340578052314482
FairGB/Bail,20,4,200,1272,53,True,0.02684536600821008,-0.03549933429761931,-0.07235567757187522,0.05604151552163783,0.0012336342173899784,0.019827651948448155
FairGB/Bail,21,0,100,1025,112,True,-0.017214844814233188,0.0004882616018717645,-0.013710149119629755,0.019723660969838352,-0.07633282123948737,0.01060002380589764
FairGB/Bail,21,1,100,629,64,True,0.019114297784022627,-0.0762347377830408,-0.09724453136298994,0.03955446271960028,-0.23863435493420848,-0.04015133383419578
FairGB/Bail,21,2,150,1437,194,True,0.01748135750429336,-0.001378018671066128,0.008067127511298233,0.07180364615379908,-0.016259578406406128,-0.031440423181824606
FairGB/Bail,21,3,50,1001,89,True,0.006246785776602315,-0.01803154766352988,-0.0497927223067659,0.07348097332806813,0.019505134830620996,0.006331600793017977
FairGB/Bail,21,4,100,853,49,True,0.008899859339461802,-0.11789829068918539,-0.1005108028858891,0.03421789526529584,-0.15503832799682687,-0.06036074893865373
FairGB/Bail,22,0,100,1207,81,True,-0.03274241366749009,-0.17770852596290226,-0.1615401891675302,0.05382724084941215,-0.014807247052295913,-0.07496516275247433
FairGB/Bail,22,1,200,636,86,True,0.010736367101046085,-0.15286789118281535,-0.16962549320865083,0.04106658263768359,0.011205965015295916,0.02153784116256885
FairGB/Bail,22,2,500,620,62,True,0.025404992148111427,-0.0837555462043246,-0.12564378722991576,0.04728103485748747,-0.06787777885185173,-0.0971436009208263
FairGB/Bail,22,3,500,521,43,True,0.030352600306728705,-0.07561542339814548,-0.05989454395107996,0.07469979536111038,-0.12299412202062765,-0.08745042391698277
FairGB/Bail,22,4,300,500,60,True,0.03943746881438015,-0.1783359608216163,-0.10362358417853013,0.04106715660614735,-0.07933708955752189,-0.11217848921193818
FairGB/Bail,23,0,100,1244,106,True,-0.015902848567221683,-0.15945585621705394,-0.03546918789859743,0.06859066635442779,0.010133179859092512,0.009042217015762022
FairGB/Bail,23,1,200,1051,83,True,0.020512197977794355,-0.03973409294460378,-0.002685086470509357,0.04627525078595418,0.03124289346365705,-0.056352342587922766
FairGB/Bail,23,2,150,1039,71,True,0.002105507648321181,-0.07934100920091006,-0.14479932074845348,0.08607728523630664,0.10657190925619961,-0.0628128930114975
FairGB/Bail,23,3,50,1186,66,True,-0.02037128871991256,0.0066967148536983545,0.04914614760953251,0.09245216164176406,0.04907187961756457,0.08038022765141106
FairGB/Bail,23,4,100,778,43,True,-0.03917870469858242,-0.011837131928569888,-0.07001908798988787,0.05921345657584187,0.049897989207225824,-0.04945257687863491
FairGB/Bail,24,0,100,1012,52,True,-0.03884054161194839,-0.027991265763712192,-0.09461401258181457,0.026692690396818763,-0.03344746902223761,-0.013340729868518864
FairGB/Bail,24,1,300,594,75,True,0.027120105579585663,0.05172265135373122,0.03370816816330935,0.06360766347387148,0.04762766976740673,-0.010185645328433135
FairGB/Bail,24,2,300,1074,41,True,0.023973419137792162,-0.01662781311062328,-0.013452448368717396,0.09002312710263782,-0.0028269868932567777,0.026134424322273198
FairGB/Bail,24,3,100,901,71,True,0.0013562874801407165,-0.021061214020044322,-0.013926288904041684,0.06019991704242467,0.07536997099724846,0.06753575955096869
FairGB/Bail,24,4,150,852,54,True,0.00647551220945719,-0.15011699177554821,-0.0733605310095885,0.03925810366941873,-0.062086473681431,0.008552243808291005
FairGB/Bail,25,0,100,997,35,True,0.01914309186862706,-0.059680455185156356,-0.0330136750940202,0.11510899278483377,-0.03352101518722855,-0.0020095833837108223
FairGB/Bail,25,1,50,770,52,True,-0.0012137519782779993,-0.023768358069780088,0.024919343035501806,0.07033237365806166,-0.15485048048281405,-0.03500162268449292
FairGB/Bail,25,2,100,764,48,True,0.0002801922717824423,-0.09593359580732336,-0.09612910205094582,0.07942106862213894,-0.12960678547068322,-0.06540118487785318
FairGB/Bail,25,3,100,1235,57,True,0.02107181723007412,-0.08363498415658649,-0.056690869058906634,0.08721556036158484,-0.04031490403294741,0.003947895919107602
FairGB/Bail,25,4,100,1403,50,True,0.0012986036495210573,-0.19900859947677885,-0.15435993051092278,0.06036407202309335,-0.02140209892851902,-0.006820365644905624
