split_id,run_id,frozen_auc_B,frozen_bc_epoch,repro_test_auc,repro_test_auc_neg_score,repro_bc_epoch,repro_val_auc_at_bc,repro_val_auc_max,repro_n_val_epochs_auc_below_half,repro_n_val_epochs,repro_H1000_test_auc,repro_H1000_bc_epoch,repro_H1000_val_auc_at_bc,repro_H1000_val_auc_max,probe_test_auc,probe_bc_epoch,probe_val_auc_at_bc,probe_norm_test_auc,probe_norm_bc_epoch
20,0,0.3966122857142857,91.0,0.396647619047619,0.603352380952381,91,0.3932952380952381,0.5584,163,201,0.7455238095238095,790,0.7098666666666666,0.718704761904762,0.753752380952381,525,0.713447619047619,0.415847619047619,0
20,1,0.5373821428571429,200.0,0.5373714285714286,0.4626285714285714,200,0.4940952380952381,0.5551238095238096,159,201,0.7596190476190476,994,0.7066666666666667,0.7093333333333334,0.7557333333333334,380,0.7163428571428572,0.6394666666666666,1
20,2,0.47646514285714286,200.0,0.4764952380952381,0.5235047619047619,200,0.5323428571428571,0.5551238095238096,151,201,0.7335238095238096,801,0.6997333333333333,0.7120761904761905,0.7161904761904762,34,0.6907428571428571,0.6123428571428572,2
20,3,0.407657,200.0,0.4076952380952381,0.5923047619047619,200,0.3954666666666667,0.5523809523809524,186,201,0.7325714285714285,936,0.6872380952380952,0.6986666666666667,0.7615238095238095,657,0.7198476190476191,0.5495619047619048,0
20,4,0.45874842857142856,200.0,0.4587047619047619,0.541295238095238,200,0.4704,0.5535238095238095,182,201,0.7418666666666667,948,0.6998095238095238,0.7001142857142857,0.6746666666666666,41,0.6559238095238096,0.652952380952381,1
21,0,0.3747782857142857,91.0,0.3747047619047619,0.6252952380952381,91,0.3779809523809523,0.5558095238095239,161,201,0.6823619047619047,998,0.7142095238095238,0.7220571428571428,0.6825142857142857,232,0.6934095238095238,0.6019047619047619,3
21,1,0.4841194285714286,76.0,0.4841142857142857,0.5158857142857143,76,0.4902857142857142,0.5497142857142857,173,201,0.6732190476190476,1000,0.7094095238095238,0.7164190476190476,0.6885333333333333,758,0.7101714285714286,0.6232380952380953,2
21,2,0.5047050000000001,200.0,0.5047619047619047,0.4952380952380952,200,0.4922666666666667,0.5533714285714286,179,201,0.688,1000,0.7204571428571429,0.731352380952381,0.6752761904761905,64,0.6787809523809524,0.5684571428571429,3
21,3,0.38995928571428573,200.0,0.3899428571428571,0.6100571428571429,200,0.420647619047619,0.5531428571428572,186,201,0.6950857142857143,999,0.7323428571428572,0.7388190476190476,0.683047619047619,689,0.7140571428571428,0.5990857142857143,0
21,4,0.40354842857142853,200.0,0.4035809523809524,0.5964190476190476,200,0.4239238095238095,0.5491809523809524,185,201,0.6846476190476191,998,0.7077333333333333,0.713447619047619,0.627352380952381,49,0.6195809523809523,0.5868952380952381,3
22,0,0.3627103571428571,100.0,0.3626666666666667,0.6373333333333333,100,0.3451428571428571,0.5692952380952381,164,201,0.5564571428571429,1000,0.6168380952380952,0.6566857142857143,0.527847619047619,90,0.6035428571428572,0.3622095238095238,0
22,1,0.434438,88.0,0.4345142857142857,0.5654857142857143,88,0.4323809523809523,0.5625142857142857,179,201,0.5332571428571429,996,0.6032,0.6435047619047619,0.6,119,0.6449523809523809,0.5276952380952381,3
22,2,0.4507130714285714,200.0,0.4505904761904762,0.5494095238095238,200,0.4057142857142857,0.561752380952381,182,201,0.5629714285714286,979,0.6196571428571429,0.6675047619047619,0.6091428571428571,168,0.662552380952381,0.5283809523809524,3
22,3,0.4368651428571429,200.0,0.4368761904761905,0.5631238095238095,200,0.4130285714285714,0.5590095238095238,188,201,0.5706666666666667,998,0.6233142857142857,0.6653333333333333,0.505752380952381,54,0.5184761904761904,0.5283809523809524,0
22,4,0.35508035714285713,200.0,0.3551238095238095,0.6448761904761905,200,0.3627047619047619,0.5586285714285715,189,201,0.5427047619047619,999,0.6086095238095238,0.6481523809523809,0.471847619047619,121,0.5031619047619048,0.5235047619047619,3
23,0,0.40070228571428573,89.0,0.4006857142857143,0.5993142857142857,89,0.3479619047619047,0.6122666666666666,158,201,0.6682285714285714,1000,0.6550857142857143,0.7108571428571429,0.6772190476190476,203,0.6946285714285715,0.6572190476190476,5
23,1,0.489763,80.0,0.4897523809523809,0.5102476190476191,80,0.4892952380952381,0.6085333333333334,137,201,0.6616380952380952,1000,0.6574476190476191,0.7167238095238095,0.6816761904761904,278,0.6945523809523809,0.6249904761904762,2
23,2,0.4457875714285714,200.0,0.4457142857142857,0.5542857142857143,200,0.4979047619047619,0.6105142857142857,177,201,0.6639238095238095,999,0.6637714285714286,0.7280761904761904,0.6797714285714286,703,0.7027809523809524,0.6045714285714285,3
23,3,0.39616285714285715,200.0,0.3961904761904762,0.6038095238095238,200,0.3839619047619048,0.6082285714285715,184,201,0.655847619047619,999,0.6583619047619048,0.7275428571428572,0.683047619047619,316,0.696,0.6307809523809523,0
23,4,0.447162,72.0,0.4471619047619047,0.5528380952380952,72,0.4719238095238095,0.6052571428571428,164,201,0.6542095238095238,999,0.6580952380952381,0.7124190476190476,0.6832,143,0.6937142857142857,0.6006095238095238,3
24,0,0.3589549285714285,102.0,0.3590095238095238,0.6409904761904762,102,0.3571809523809524,0.5668571428571428,160,201,0.672,653,0.6542476190476191,0.6613333333333333,0.614552380952381,24,0.6275047619047619,0.4211809523809524,0
24,1,0.4838045,200.0,0.4838095238095238,0.5161904761904762,200,0.5281523809523809,0.5621333333333334,144,201,0.6485333333333333,816,0.6803809523809524,0.6812190476190476,0.6671238095238096,344,0.679847619047619,0.6355047619047619,15
24,2,0.5535457142857143,200.0,0.5535238095238095,0.4464761904761904,200,0.5427809523809524,0.564952380952381,139,201,0.6618666666666667,990,0.6774857142857142,0.6786666666666666,0.6732190476190476,687,0.6777904761904762,0.6432,23
24,3,0.4445411428571428,200.0,0.4445714285714285,0.5554285714285714,200,0.4459428571428571,0.5624380952380953,185,201,0.6799238095238095,709,0.6583619047619048,0.6627809523809524,0.6559238095238096,308,0.6771047619047619,0.5606857142857142,0
24,4,0.49013621428571424,200.0,0.4900571428571428,0.5099428571428571,200,0.4305142857142857,0.5578666666666666,190,201,0.6491428571428571,498,0.6301714285714286,0.6583619047619048,0.6725333333333333,671,0.6814476190476191,0.6355047619047619,21
25,0,0.39974385714285715,85.0,0.3996190476190476,0.6003809523809523,85,0.3351619047619047,0.5545904761904762,167,201,0.6550857142857143,651,0.6388571428571429,0.6427047619047619,0.4894857142857143,6,0.5417142857142857,0.4027428571428571,0
25,1,0.46120271428571424,200.0,0.4612571428571428,0.5387428571428572,200,0.4297142857142857,0.5476571428571428,181,201,0.5745523809523809,743,0.6285714285714286,0.6323047619047619,0.6482285714285714,467,0.659047619047619,0.548647619047619,2
25,2,0.5201112857142857,200.0,0.5200761904761905,0.4799238095238095,200,0.4176,0.5504,182,201,0.6268190476190476,631,0.6165333333333334,0.6303238095238095,0.5698285714285715,44,0.6362666666666666,0.512,3
25,3,0.400076,200.0,0.4000761904761905,0.5999238095238095,200,0.4445714285714285,0.5502476190476191,182,201,0.6324190476190477,808,0.6058666666666667,0.6197333333333334,0.6138666666666667,623,0.6460190476190476,0.5718857142857143,0
25,4,0.4786588571428571,200.0,0.4786285714285714,0.5213714285714286,200,0.3449142857142857,0.5430857142857143,194,201,0.6278095238095238,666,0.6156952380952381,0.6249142857142858,0.6388571428571429,54,0.5395047619047619,0.5234285714285715,3
