seed,family,dataset,comparison,pairing,a_method,a_protocol,a_selector,b_method,b_protocol,b_selector,coordinate,n_units,delta_mean,lo,hi,sign_stability,excludes_zero,status
20260924,configuration,bail,BIND: 1pct -> 10pct,same_split_different_run,BIND-1pct,controlled,common_bce,BIND-10pct,controlled,common_bce,dAUC,30,-0.0016767999999999894,-0.006599849999999976,0.002625245833333351,0.7682,False,ok
20260924,configuration,bail,BIND: 1pct -> 10pct,same_split_different_run,BIND-1pct,controlled,common_bce,BIND-10pct,controlled,common_bce,negDP,30,0.0027075666666666657,-0.0016686058333333354,0.007884657499999996,0.8666,False,ok
20260924,configuration,bail,BIND: 1pct -> 10pct,same_split_different_run,BIND-1pct,controlled,common_bce,BIND-10pct,controlled,common_bce,negEO,30,0.0005003333333333323,-0.004934562499999999,0.006427534999999997,0.5557,False,ok
20260924,configuration,income,BIND: 1pct -> 10pct,same_split_different_run,BIND-1pct,controlled,common_bce,BIND-10pct,controlled,common_bce,dAUC,30,-5.289999999998907e-05,-0.0007783766666666666,0.0007779049999999978,0.5765,False,ok
20260924,configuration,income,BIND: 1pct -> 10pct,same_split_different_run,BIND-1pct,controlled,common_bce,BIND-10pct,controlled,common_bce,negDP,30,0.010636333333333333,0.007124299166666669,0.01467165166666667,1.0,True,ok
20260924,configuration,income,BIND: 1pct -> 10pct,same_split_different_run,BIND-1pct,controlled,common_bce,BIND-10pct,controlled,common_bce,negEO,30,0.015447066666666665,0.006762586666666664,0.024844083333333326,0.9998,True,ok
20260924,configuration,bail,BeMap: default -> GAT,same_split_different_run,BeMap,controlled,common_bce,BeMap-GAT,controlled,common_bce,dAUC,30,0.04261823333333333,0.017532816666666683,0.0800846708333333,0.9997,True,ok
20260924,configuration,bail,BeMap: default -> GAT,same_split_different_run,BeMap,controlled,common_bce,BeMap-GAT,controlled,common_bce,negDP,30,0.0024267333333333344,-0.0093155125,0.014114151666666665,0.6559,False,ok
20260924,configuration,bail,BeMap: default -> GAT,same_split_different_run,BeMap,controlled,common_bce,BeMap-GAT,controlled,common_bce,negEO,30,0.012335866666666665,-0.004756214166666668,0.03337286833333333,0.9073,False,ok
20260924,configuration,credit,BeMap: default -> GAT,same_split_different_run,BeMap,controlled,common_bce,BeMap-GAT,controlled,common_bce,dAUC,30,0.02664833333333333,0.016070328333333335,0.037572246666666635,1.0,True,ok
20260924,configuration,credit,BeMap: default -> GAT,same_split_different_run,BeMap,controlled,common_bce,BeMap-GAT,controlled,common_bce,negDP,30,0.006492199999999996,-0.03913421833333333,0.053914794166666634,0.6035,False,ok
20260924,configuration,credit,BeMap: default -> GAT,same_split_different_run,BeMap,controlled,common_bce,BeMap-GAT,controlled,common_bce,negEO,30,0.005704866666666667,-0.04480874833333334,0.05687890333333329,0.5913,False,ok
20260924,configuration,pokec_z,BeMap: default -> GAT,same_split_different_run,BeMap,controlled,common_bce,BeMap-GAT,controlled,common_bce,dAUC,30,0.010189200000000002,0.004928303333333351,0.015444283333333305,0.9999,True,ok
20260924,configuration,pokec_z,BeMap: default -> GAT,same_split_different_run,BeMap,controlled,common_bce,BeMap-GAT,controlled,common_bce,negDP,30,0.028865900000000003,-0.03193555666666666,0.09971812083333333,0.7868,False,ok
20260924,configuration,pokec_z,BeMap: default -> GAT,same_split_different_run,BeMap,controlled,common_bce,BeMap-GAT,controlled,common_bce,negEO,30,0.020753766666666663,-0.027068168333333333,0.07252681083333329,0.7802,False,ok
20260924,configuration,pokec_n,FairGNN: default -> upstreamGAT,same_split_different_run,FairGNN,controlled,common_bce,FairGNN-upstreamGAT,controlled,common_bce,dAUC,30,0.010601866666666656,-0.003431550833333338,0.02731161666666665,0.9251,False,ok
20260924,configuration,pokec_n,FairGNN: default -> upstreamGAT,same_split_different_run,FairGNN,controlled,common_bce,FairGNN-upstreamGAT,controlled,common_bce,negDP,30,0.05222243333333334,-0.020893726666666654,0.13171011749999997,0.9098,False,ok
20260924,configuration,pokec_n,FairGNN: default -> upstreamGAT,same_split_different_run,FairGNN,controlled,common_bce,FairGNN-upstreamGAT,controlled,common_bce,negEO,30,0.04043653333333333,-0.03224812833333332,0.11621261333333335,0.8546,False,ok
20260924,configuration,pokec_z,FairGNN: default -> upstreamGAT,same_split_different_run,FairGNN,controlled,common_bce,FairGNN-upstreamGAT,controlled,common_bce,dAUC,30,-0.03826706666666667,-0.06353405166666667,-0.016316755000000016,1.0,True,ok
20260924,configuration,pokec_z,FairGNN: default -> upstreamGAT,same_split_different_run,FairGNN,controlled,common_bce,FairGNN-upstreamGAT,controlled,common_bce,negDP,30,0.002923833333333338,-0.0802517208333333,0.07661987083333334,0.5423,False,ok
20260924,configuration,pokec_z,FairGNN: default -> upstreamGAT,same_split_different_run,FairGNN,controlled,common_bce,FairGNN-upstreamGAT,controlled,common_bce,negEO,30,-0.012143666666666665,-0.07970866916666666,0.04931322083333331,0.6255,False,ok
20260924,configuration,pokec_n,FairGNN: default -> upstreamGCN,same_split_different_run,FairGNN,controlled,common_bce,FairGNN-upstreamGCN,controlled,common_bce,dAUC,30,-0.03291336666666668,-0.038497516666666676,-0.027693963333333346,1.0,True,ok
20260924,configuration,pokec_n,FairGNN: default -> upstreamGCN,same_split_different_run,FairGNN,controlled,common_bce,FairGNN-upstreamGCN,controlled,common_bce,negDP,30,0.029465766666666667,-0.019334150833333338,0.08353206333333331,0.8634,False,ok
20260924,configuration,pokec_n,FairGNN: default -> upstreamGCN,same_split_different_run,FairGNN,controlled,common_bce,FairGNN-upstreamGCN,controlled,common_bce,negEO,30,0.027463433333333336,-0.010883464166666666,0.06797956416666665,0.9063,False,ok
20260924,configuration,pokec_z,FairGNN: default -> upstreamGCN,same_split_different_run,FairGNN,controlled,common_bce,FairGNN-upstreamGCN,controlled,common_bce,dAUC,30,-0.03834400000000001,-0.04577074083333335,-0.031051590833333347,1.0,True,ok
20260924,configuration,pokec_z,FairGNN: default -> upstreamGCN,same_split_different_run,FairGNN,controlled,common_bce,FairGNN-upstreamGCN,controlled,common_bce,negDP,30,0.04607776666666666,0.015596185000000004,0.07725658916666668,0.999,True,ok
20260924,configuration,pokec_z,FairGNN: default -> upstreamGCN,same_split_different_run,FairGNN,controlled,common_bce,FairGNN-upstreamGCN,controlled,common_bce,negEO,30,0.04312746666666666,0.013994893333333334,0.07101026249999999,0.9987,True,ok
20260924,configuration,bail,FairSIN: GCN -> GIN,same_split_different_run,FairSIN-GCN,controlled,common_bce,FairSIN-GIN,controlled,common_bce,dAUC,30,0.0032893666666666747,-0.019712945000000027,0.02553412333333337,0.6124,False,ok
20260924,configuration,bail,FairSIN: GCN -> GIN,same_split_different_run,FairSIN-GCN,controlled,common_bce,FairSIN-GIN,controlled,common_bce,negDP,30,-0.0048224999999999995,-0.012353460833333333,0.0023466358333333313,0.9041,False,ok
20260924,configuration,bail,FairSIN: GCN -> GIN,same_split_different_run,FairSIN-GCN,controlled,common_bce,FairSIN-GIN,controlled,common_bce,negEO,30,-0.005038666666666668,-0.014038217500000004,0.0033247774999999955,0.8749,False,ok
20260924,configuration,credit,FairSIN: GCN -> GIN,same_split_different_run,FairSIN-GCN,controlled,common_bce,FairSIN-GIN,controlled,common_bce,dAUC,30,0.011337266666666655,-0.004279827500000018,0.03829842249999997,0.8821,False,ok
20260924,configuration,credit,FairSIN: GCN -> GIN,same_split_different_run,FairSIN-GCN,controlled,common_bce,FairSIN-GIN,controlled,common_bce,negDP,30,-0.016068833333333334,-0.03860087250000001,0.00844474083333333,0.9073,False,ok
20260924,configuration,credit,FairSIN: GCN -> GIN,same_split_different_run,FairSIN-GCN,controlled,common_bce,FairSIN-GIN,controlled,common_bce,negEO,30,-0.0230935,-0.041236668333333344,-0.002621849166666671,0.9872,True,ok
20260924,configuration,german,FairSIN: GCN -> GIN,same_split_different_run,FairSIN-GCN,controlled,common_bce,FairSIN-GIN,controlled,common_bce,dAUC,30,0.10680646666666667,0.06579443166666667,0.1483357783333333,1.0,True,ok
20260924,configuration,german,FairSIN: GCN -> GIN,same_split_different_run,FairSIN-GCN,controlled,common_bce,FairSIN-GIN,controlled,common_bce,negDP,30,-0.17757916666666668,-0.2638298908333333,-0.0928019908333333,1.0,True,ok
20260924,configuration,german,FairSIN: GCN -> GIN,same_split_different_run,FairSIN-GCN,controlled,common_bce,FairSIN-GIN,controlled,common_bce,negEO,30,-0.14141683333333335,-0.21827890250000007,-0.0657201041666667,1.0,True,ok
20260924,configuration,pokec_n,FairSIN: GCN -> GIN,same_split_different_run,FairSIN-GCN,controlled,common_bce,FairSIN-GIN,controlled,common_bce,dAUC,30,0.0025652333333333315,-0.005890865833333345,0.013549966666666654,0.6493,False,ok
20260924,configuration,pokec_n,FairSIN: GCN -> GIN,same_split_different_run,FairSIN-GCN,controlled,common_bce,FairSIN-GIN,controlled,common_bce,negDP,30,0.008698100000000002,-0.00797872083333333,0.025657619166666652,0.8562,False,ok
20260924,configuration,pokec_n,FairSIN: GCN -> GIN,same_split_different_run,FairSIN-GCN,controlled,common_bce,FairSIN-GIN,controlled,common_bce,negEO,30,0.0013329333333333313,-0.017254905000000008,0.018359865833333322,0.5637,False,ok
20260924,configuration,pokec_z,FairSIN: GCN -> GIN,same_split_different_run,FairSIN-GCN,controlled,common_bce,FairSIN-GIN,controlled,common_bce,dAUC,30,0.004089033333333348,-0.0044524400000000046,0.013485176666666699,0.8179,False,ok
20260924,configuration,pokec_z,FairSIN: GCN -> GIN,same_split_different_run,FairSIN-GCN,controlled,common_bce,FairSIN-GIN,controlled,common_bce,negDP,30,-0.013645333333333332,-0.03237489083333332,0.005605720833333328,0.9228,False,ok
20260924,configuration,pokec_z,FairSIN: GCN -> GIN,same_split_different_run,FairSIN-GCN,controlled,common_bce,FairSIN-GIN,controlled,common_bce,negEO,30,-0.009270133333333331,-0.024846709166666665,0.007553261666666669,0.8709,False,ok
20260924,configuration,bail,FairSIN: GCN -> SAGE,same_split_different_run,FairSIN-GCN,controlled,common_bce,FairSIN-SAGE,controlled,common_bce,dAUC,30,0.00972489999999998,-0.007993500000000035,0.024408445833333337,0.8728,False,ok
20260924,configuration,bail,FairSIN: GCN -> SAGE,same_split_different_run,FairSIN-GCN,controlled,common_bce,FairSIN-SAGE,controlled,common_bce,negDP,30,-0.007464233333333334,-0.015710965,0.0013485899999999967,0.951,False,ok
20260924,configuration,bail,FairSIN: GCN -> SAGE,same_split_different_run,FairSIN-GCN,controlled,common_bce,FairSIN-SAGE,controlled,common_bce,negEO,30,0.0006596666666666663,-0.00962127416666667,0.012592031666666666,0.5333,False,ok
20260924,configuration,credit,FairSIN: GCN -> SAGE,same_split_different_run,FairSIN-GCN,controlled,common_bce,FairSIN-SAGE,controlled,common_bce,dAUC,30,0.03191013333333335,0.015777786666666675,0.05686378666666667,1.0,True,ok
20260924,configuration,credit,FairSIN: GCN -> SAGE,same_split_different_run,FairSIN-GCN,controlled,common_bce,FairSIN-SAGE,controlled,common_bce,negDP,30,-0.1259564333333333,-0.17199381916666667,-0.08337625666666666,1.0,True,ok
20260924,configuration,credit,FairSIN: GCN -> SAGE,same_split_different_run,FairSIN-GCN,controlled,common_bce,FairSIN-SAGE,controlled,common_bce,negEO,30,-0.09722896666666667,-0.13903244416666666,-0.0600011775,1.0,True,ok
20260924,configuration,german,FairSIN: GCN -> SAGE,same_split_different_run,FairSIN-GCN,controlled,common_bce,FairSIN-SAGE,controlled,common_bce,dAUC,30,0.0946288,0.051580118333333334,0.13974528333333328,1.0,True,ok
20260924,configuration,german,FairSIN: GCN -> SAGE,same_split_different_run,FairSIN-GCN,controlled,common_bce,FairSIN-SAGE,controlled,common_bce,negDP,30,-0.1743801,-0.28106524916666664,-0.06840869833333338,1.0,True,ok
20260924,configuration,german,FairSIN: GCN -> SAGE,same_split_different_run,FairSIN-GCN,controlled,common_bce,FairSIN-SAGE,controlled,common_bce,negEO,30,-0.11841980000000002,-0.2047671725,-0.03880717833333335,0.9996,True,ok
20260924,configuration,pokec_n,FairSIN: GCN -> SAGE,same_split_different_run,FairSIN-GCN,controlled,common_bce,FairSIN-SAGE,controlled,common_bce,dAUC,30,-0.002879933333333351,-0.010925509999999996,0.004784573333333322,0.7689,False,ok
20260924,configuration,pokec_n,FairSIN: GCN -> SAGE,same_split_different_run,FairSIN-GCN,controlled,common_bce,FairSIN-SAGE,controlled,common_bce,negDP,30,0.003870566666666669,-0.020301677499999997,0.03185141833333332,0.5943,False,ok
20260924,configuration,pokec_n,FairSIN: GCN -> SAGE,same_split_different_run,FairSIN-GCN,controlled,common_bce,FairSIN-SAGE,controlled,common_bce,negEO,30,0.010353766666666668,-0.013697565833333335,0.03837518333333335,0.7687,False,ok
20260924,configuration,pokec_z,FairSIN: GCN -> SAGE,same_split_different_run,FairSIN-GCN,controlled,common_bce,FairSIN-SAGE,controlled,common_bce,dAUC,30,-0.004054366666666631,-0.008783276666666662,0.0008149650000000556,0.9503,False,ok
20260924,configuration,pokec_z,FairSIN: GCN -> SAGE,same_split_different_run,FairSIN-GCN,controlled,common_bce,FairSIN-SAGE,controlled,common_bce,negDP,30,-0.021243300000000003,-0.03445540166666666,-0.009590970833333339,0.9999,True,ok
20260924,configuration,pokec_z,FairSIN: GCN -> SAGE,same_split_different_run,FairSIN-GCN,controlled,common_bce,FairSIN-SAGE,controlled,common_bce,negEO,30,-0.01825603333333333,-0.028569555833333333,-0.009056043333333343,1.0,True,ok
20260924,configuration,bail,FairVGNN: default -> GCNspmm,same_split_different_run,FairVGNN,controlled,common_bce,FairVGNN-GCNspmm,controlled,common_bce,dAUC,30,0.0013264333333333285,-0.0024883266666666636,0.007515429999999991,0.653,False,ok
20260924,configuration,bail,FairVGNN: default -> GCNspmm,same_split_different_run,FairVGNN,controlled,common_bce,FairVGNN-GCNspmm,controlled,common_bce,negDP,30,0.0012141666666666666,-0.0029999874999999984,0.005906524166666663,0.6879,False,ok
20260924,configuration,bail,FairVGNN: default -> GCNspmm,same_split_different_run,FairVGNN,controlled,common_bce,FairVGNN-GCNspmm,controlled,common_bce,negEO,30,0.0020503999999999987,-0.005048446666666667,0.009364051666666661,0.7087,False,ok
20260924,configuration,german,FairVGNN: default -> GCNspmm,same_split_different_run,FairVGNN,controlled,common_bce,FairVGNN-GCNspmm,controlled,common_bce,dAUC,30,0.010133333333333355,-0.008155184166666638,0.031045257499999993,0.8342,False,ok
20260924,configuration,german,FairVGNN: default -> GCNspmm,same_split_different_run,FairVGNN,controlled,common_bce,FairVGNN-GCNspmm,controlled,common_bce,negDP,30,0.04896056666666667,-0.03344068000000003,0.13421444333333327,0.8775,False,ok
20260924,configuration,german,FairVGNN: default -> GCNspmm,same_split_different_run,FairVGNN,controlled,common_bce,FairVGNN-GCNspmm,controlled,common_bce,negEO,30,0.06632300000000001,-0.02723177499999998,0.15919857999999995,0.9158,False,ok
20260924,configuration,credit,FairVGNN: default -> GIN,same_split_different_run,FairVGNN,controlled,common_bce,FairVGNN-GIN,controlled,common_bce,dAUC,30,-0.060158100000000006,-0.08682307916666669,-0.03647630500000002,1.0,True,ok
20260924,configuration,credit,FairVGNN: default -> GIN,same_split_different_run,FairVGNN,controlled,common_bce,FairVGNN-GIN,controlled,common_bce,negDP,30,0.0962703,0.046429225000000005,0.15112513249999998,1.0,True,ok
20260924,configuration,credit,FairVGNN: default -> GIN,same_split_different_run,FairVGNN,controlled,common_bce,FairVGNN-GIN,controlled,common_bce,negEO,30,0.09393846666666666,0.040031181666666665,0.15718503749999996,1.0,True,ok
20260924,configuration,german,FairVGNN: default -> GIN,same_split_different_run,FairVGNN,controlled,common_bce,FairVGNN-GIN,controlled,common_bce,dAUC,30,0.008652700000000011,-0.021842118333333327,0.042648837500000016,0.6892,False,ok
20260924,configuration,german,FairVGNN: default -> GIN,same_split_different_run,FairVGNN,controlled,common_bce,FairVGNN-GIN,controlled,common_bce,negDP,30,0.08394083333333335,0.0032904216666666975,0.1581267375,0.9785,True,ok
20260924,configuration,german,FairVGNN: default -> GIN,same_split_different_run,FairVGNN,controlled,common_bce,FairVGNN-GIN,controlled,common_bce,negEO,30,0.09095403333333332,0.004791155000000019,0.16356551750000006,0.9808,True,ok
20260924,configuration,bail,FairVGNN: default -> SAGE,same_split_different_run,FairVGNN,controlled,common_bce,FairVGNN-SAGE,controlled,common_bce,dAUC,30,0.0542636,0.03709974333333333,0.07816644083333332,1.0,True,ok
20260924,configuration,bail,FairVGNN: default -> SAGE,same_split_different_run,FairVGNN,controlled,common_bce,FairVGNN-SAGE,controlled,common_bce,negDP,30,0.0168564,-0.018191339999999997,0.05916642416666666,0.7902,False,ok
20260924,configuration,bail,FairVGNN: default -> SAGE,same_split_different_run,FairVGNN,controlled,common_bce,FairVGNN-SAGE,controlled,common_bce,negEO,30,0.024637866666666664,-0.004826059166666665,0.058921711666666675,0.9308,False,ok
20260924,configuration,credit,FairVGNN: default -> SAGE,same_split_different_run,FairVGNN,controlled,common_bce,FairVGNN-SAGE,controlled,common_bce,dAUC,30,0.0031293999999999897,-0.0017420433333333284,0.008300195833333338,0.8877,False,ok
20260924,configuration,credit,FairVGNN: default -> SAGE,same_split_different_run,FairVGNN,controlled,common_bce,FairVGNN-SAGE,controlled,common_bce,negDP,30,0.023199633333333337,-0.033162372499999995,0.09051530333333331,0.7689,False,ok
20260924,configuration,credit,FairVGNN: default -> SAGE,same_split_different_run,FairVGNN,controlled,common_bce,FairVGNN-SAGE,controlled,common_bce,negEO,30,0.027697666666666666,-0.03941819666666667,0.10424571583333331,0.779,False,ok
20260924,configuration,german,FairVGNN: default -> SAGE,same_split_different_run,FairVGNN,controlled,common_bce,FairVGNN-SAGE,controlled,common_bce,dAUC,30,0.011479399999999999,-0.018563769166666664,0.041867935833333335,0.7675,False,ok
20260924,configuration,german,FairVGNN: default -> SAGE,same_split_different_run,FairVGNN,controlled,common_bce,FairVGNN-SAGE,controlled,common_bce,negDP,30,0.03560806666666668,-0.09231786499999999,0.16910009083333327,0.7005,False,ok
20260924,configuration,german,FairVGNN: default -> SAGE,same_split_different_run,FairVGNN,controlled,common_bce,FairVGNN-SAGE,controlled,common_bce,negEO,30,0.041659700000000015,-0.1018708333333333,0.1904849208333333,0.7017,False,ok
20260924,selector,bail,BIND (1pct): BCE -> AUC selector,same_run,BIND-1pct,controlled,common_bce,BIND-1pct,controlled,common_auc,dAUC,30,-0.0033337666666666634,-0.005370014166666654,-0.001310908333333329,0.9999,True,ok
20260924,selector,bail,BIND (1pct): BCE -> AUC selector,same_run,BIND-1pct,controlled,common_bce,BIND-1pct,controlled,common_auc,negDP,30,-0.0020814333333333333,-0.0064991441666666675,0.0020774333333333315,0.8357,False,ok
20260924,selector,bail,BIND (1pct): BCE -> AUC selector,same_run,BIND-1pct,controlled,common_bce,BIND-1pct,controlled,common_auc,negEO,30,-0.0007066000000000006,-0.006622973333333332,0.004892682499999998,0.5895,False,ok
20260924,selector,income,BIND (1pct): BCE -> AUC selector,same_run,BIND-1pct,controlled,common_bce,BIND-1pct,controlled,common_auc,dAUC,30,0.00011929999999999996,-0.0006280449999999922,0.0010976708333333266,0.5855,False,ok
20260924,selector,income,BIND (1pct): BCE -> AUC selector,same_run,BIND-1pct,controlled,common_bce,BIND-1pct,controlled,common_auc,negDP,30,-0.04128476666666666,-0.06698369583333333,-0.01931544083333333,1.0,True,ok
20260924,selector,income,BIND (1pct): BCE -> AUC selector,same_run,BIND-1pct,controlled,common_bce,BIND-1pct,controlled,common_auc,negEO,30,-0.051150366666666676,-0.08941458416666669,-0.011834830833333341,0.9951,True,ok
20260924,selector,bail,BeMap (default): BCE -> AUC selector,same_run,BeMap,controlled,common_bce,BeMap,controlled,common_auc,dAUC,30,0.0026060333333333277,-0.007985854166666688,0.019983495000000007,0.5635,False,ok
20260924,selector,bail,BeMap (default): BCE -> AUC selector,same_run,BeMap,controlled,common_bce,BeMap,controlled,common_auc,negDP,30,-0.01589123333333333,-0.02928010916666667,-0.0036430116666666683,0.9985,True,ok
20260924,selector,bail,BeMap (default): BCE -> AUC selector,same_run,BeMap,controlled,common_bce,BeMap,controlled,common_auc,negEO,30,-0.012181433333333332,-0.021676793333333326,-0.003461685833333333,0.9976,True,ok
20260924,selector,credit,BeMap (default): BCE -> AUC selector,same_run,BeMap,controlled,common_bce,BeMap,controlled,common_auc,dAUC,30,0.02537146666666668,0.020394669166666667,0.0333002575,1.0,True,ok
20260924,selector,credit,BeMap (default): BCE -> AUC selector,same_run,BeMap,controlled,common_bce,BeMap,controlled,common_auc,negDP,30,0.019592599999999998,-0.013560725,0.0531974375,0.8713,False,ok
20260924,selector,credit,BeMap (default): BCE -> AUC selector,same_run,BeMap,controlled,common_bce,BeMap,controlled,common_auc,negEO,30,0.028018199999999993,-0.006718185833333339,0.06448888999999997,0.9386,False,ok
20260924,selector,pokec_z,BeMap (default): BCE -> AUC selector,same_run,BeMap,controlled,common_bce,BeMap,controlled,common_auc,dAUC,30,-0.0011850333333333371,-0.003570036666666655,0.0010674049999999978,0.846,False,ok
20260924,selector,pokec_z,BeMap (default): BCE -> AUC selector,same_run,BeMap,controlled,common_bce,BeMap,controlled,common_auc,negDP,30,-0.002462366666666666,-0.016286244166666675,0.011883612499999996,0.6394,False,ok
20260924,selector,pokec_z,BeMap (default): BCE -> AUC selector,same_run,BeMap,controlled,common_bce,BeMap,controlled,common_auc,negEO,30,-0.014527499999999999,-0.025952138333333333,-0.002953250833333334,0.9937,True,ok
20260924,selector,bail,EDITS (default): BCE -> AUC selector,same_run,EDITS,controlled,common_bce,EDITS,controlled,common_auc,dAUC,30,0.006614799999999999,-0.0023877675000000017,0.01678678333333333,0.9127,False,ok
20260924,selector,bail,EDITS (default): BCE -> AUC selector,same_run,EDITS,controlled,common_bce,EDITS,controlled,common_auc,negDP,30,0.002203333333333332,-0.0049091475,0.011820983333333328,0.6735,False,ok
20260924,selector,bail,EDITS (default): BCE -> AUC selector,same_run,EDITS,controlled,common_bce,EDITS,controlled,common_auc,negEO,30,0.0013675666666666674,-0.0038716691666666665,0.007034925833333329,0.6829,False,ok
20260924,selector,credit,EDITS (default): BCE -> AUC selector,same_run,EDITS,controlled,common_bce,EDITS,controlled,common_auc,dAUC,30,0.001158866666666647,-0.000526302500000013,0.003284929999999961,0.89,False,ok
20260924,selector,credit,EDITS (default): BCE -> AUC selector,same_run,EDITS,controlled,common_bce,EDITS,controlled,common_auc,negDP,30,-0.035004633333333326,-0.09012752916666665,0.030382894166666667,0.8638,False,ok
20260924,selector,credit,EDITS (default): BCE -> AUC selector,same_run,EDITS,controlled,common_bce,EDITS,controlled,common_auc,negEO,30,-0.04135503333333336,-0.10427913333333336,0.0313453908333333,0.8763,False,ok
20260924,selector,german,EDITS (default): BCE -> AUC selector,same_run,EDITS,controlled,common_bce,EDITS,controlled,common_auc,dAUC,30,0.0038096333333333177,-0.0024814233333333474,0.015126336666666646,0.7909,False,ok
20260924,selector,german,EDITS (default): BCE -> AUC selector,same_run,EDITS,controlled,common_bce,EDITS,controlled,common_auc,negDP,30,0.010991333333333337,-0.011479564166666659,0.040917838333333324,0.8002,False,ok
20260924,selector,german,EDITS (default): BCE -> AUC selector,same_run,EDITS,controlled,common_bce,EDITS,controlled,common_auc,negEO,30,0.00962533333333333,-0.018960253333333333,0.043437118333333295,0.7315,False,ok
20260924,selector,bail,FairEdit (default): BCE -> AUC selector,same_run,FairEdit,controlled,common_bce,FairEdit,controlled,common_auc,dAUC,30,4.766666666670508e-06,-2.9999999999382374e-07,1.6100000000000466e-05,0.9533,False,ok
20260924,selector,bail,FairEdit (default): BCE -> AUC selector,same_run,FairEdit,controlled,common_bce,FairEdit,controlled,common_auc,negDP,30,-8.570000000000082e-05,-0.00021460000000000158,1.61333333333324e-05,0.9289,False,ok
20260924,selector,bail,FairEdit (default): BCE -> AUC selector,same_run,FairEdit,controlled,common_bce,FairEdit,controlled,common_auc,negEO,30,-0.00011233333333333315,-0.00028186666666666624,0.0,0.9169,False,ok
20260924,selector,credit,FairEdit (default): BCE -> AUC selector,same_run,FairEdit,controlled,common_bce,FairEdit,controlled,common_auc,dAUC,30,9.999999999917483e-08,-4.999999999847719e-07,7.333333333396179e-07,0.6172,False,ok
20260924,selector,credit,FairEdit (default): BCE -> AUC selector,same_run,FairEdit,controlled,common_bce,FairEdit,controlled,common_auc,negDP,30,0.0,0.0,0.0,1.0,False,ok
20260924,selector,credit,FairEdit (default): BCE -> AUC selector,same_run,FairEdit,controlled,common_bce,FairEdit,controlled,common_auc,negEO,30,0.0,0.0,0.0,1.0,False,ok
20260924,selector,german,FairEdit (default): BCE -> AUC selector,same_run,FairEdit,controlled,common_bce,FairEdit,controlled,common_auc,dAUC,30,-0.0001677666666666559,-0.0013336566666666513,0.0005050033333333462,0.5586,False,ok
20260924,selector,german,FairEdit (default): BCE -> AUC selector,same_run,FairEdit,controlled,common_bce,FairEdit,controlled,common_auc,negDP,30,-0.0003812666666666659,-0.0117268,0.007028173333333333,0.4443,False,ok
20260924,selector,german,FairEdit (default): BCE -> AUC selector,same_run,FairEdit,controlled,common_bce,FairEdit,controlled,common_auc,negEO,30,-0.0006985666666666677,-0.013608399999999994,0.007303021666666657,0.4566,False,ok
20260924,selector,bail,FairGB (default): BCE -> AUC selector,same_run,FairGB,controlled,common_bce,FairGB,controlled,common_auc,dAUC,30,-0.006196766666666672,-0.010724069166666643,-0.0016055516666666886,0.996,True,ok
20260924,selector,bail,FairGB (default): BCE -> AUC selector,same_run,FairGB,controlled,common_bce,FairGB,controlled,common_auc,negDP,30,-0.021675899999999994,-0.03895269916666665,-0.004857528333333337,0.9957,True,ok
20260924,selector,bail,FairGB (default): BCE -> AUC selector,same_run,FairGB,controlled,common_bce,FairGB,controlled,common_auc,negEO,30,-0.005669999999999999,-0.02215473166666666,0.00917327166666667,0.7553,False,ok
20260924,selector,credit,FairGB (default): BCE -> AUC selector,same_run,FairGB,controlled,common_bce,FairGB,controlled,common_auc,dAUC,30,0.0019459000000000115,-0.0016249591666666744,0.005232135000000011,0.8598,False,ok
20260924,selector,credit,FairGB (default): BCE -> AUC selector,same_run,FairGB,controlled,common_bce,FairGB,controlled,common_auc,negDP,30,-0.029620500000000004,-0.07166808833333335,0.008470274999999998,0.9335,False,ok
20260924,selector,credit,FairGB (default): BCE -> AUC selector,same_run,FairGB,controlled,common_bce,FairGB,controlled,common_auc,negEO,30,-0.0324957,-0.07565824833333332,0.008007098333333325,0.9385,False,ok
20260924,selector,german,FairGB (default): BCE -> AUC selector,same_run,FairGB,controlled,common_bce,FairGB,controlled,common_auc,dAUC,30,-0.014170100000000008,-0.03785538333333333,0.0066389575,0.9004,False,ok
20260924,selector,german,FairGB (default): BCE -> AUC selector,same_run,FairGB,controlled,common_bce,FairGB,controlled,common_auc,negDP,30,-0.049430433333333336,-0.1131666075,0.022170539999999992,0.9175,False,ok
20260924,selector,german,FairGB (default): BCE -> AUC selector,same_run,FairGB,controlled,common_bce,FairGB,controlled,common_auc,negEO,30,-0.062228533333333315,-0.12737261500000002,0.009936305000000017,0.958,False,ok
20260924,selector,bail,FairGNN (default): BCE -> AUC selector,same_run,FairGNN,controlled,common_bce,FairGNN,controlled,common_auc,dAUC,30,1.2066666666669483e-05,-1.9066666666645584e-05,4.4700000000001595e-05,0.7856,False,ok
20260924,selector,bail,FairGNN (default): BCE -> AUC selector,same_run,FairGNN,controlled,common_bce,FairGNN,controlled,common_auc,negDP,30,2.8333333333333047e-06,-0.00031629083333333273,0.00035616750000000137,0.466,False,ok
20260924,selector,bail,FairGNN (default): BCE -> AUC selector,same_run,FairGNN,controlled,common_bce,FairGNN,controlled,common_auc,negEO,30,5.4400000000000394e-05,-0.000398302499999999,0.0007076733333333336,0.5227,False,ok
20260924,selector,credit,FairGNN (default): BCE -> AUC selector,same_run,FairGNN,controlled,common_bce,FairGNN,controlled,common_auc,dAUC,30,-0.006887933333333344,-0.0188873666666667,0.0024797583333333417,0.9067,False,ok
20260924,selector,credit,FairGNN (default): BCE -> AUC selector,same_run,FairGNN,controlled,common_bce,FairGNN,controlled,common_auc,negDP,30,0.014548,-0.012934285833333333,0.041737166666666665,0.8461,False,ok
20260924,selector,credit,FairGNN (default): BCE -> AUC selector,same_run,FairGNN,controlled,common_bce,FairGNN,controlled,common_auc,negEO,30,0.019872966666666665,-0.009189942500000006,0.049150861666666636,0.9076,False,ok
20260924,selector,german,FairGNN (default): BCE -> AUC selector,same_run,FairGNN,controlled,common_bce,FairGNN,controlled,common_auc,dAUC,30,-0.008652533333333321,-0.03975366250000003,0.014595905000000029,0.7505,False,ok
20260924,selector,german,FairGNN (default): BCE -> AUC selector,same_run,FairGNN,controlled,common_bce,FairGNN,controlled,common_auc,negDP,30,0.0330049,-0.027680955833333333,0.09561609833333327,0.8574,False,ok
20260924,selector,german,FairGNN (default): BCE -> AUC selector,same_run,FairGNN,controlled,common_bce,FairGNN,controlled,common_auc,negEO,30,0.03835286666666666,-0.022125920833333337,0.10502111166666665,0.8895,False,ok
20260924,selector,pokec_n,FairGNN (default): BCE -> AUC selector,same_run,FairGNN,controlled,common_bce,FairGNN,controlled,common_auc,dAUC,30,0.00025966666666665805,-0.00047128000000000003,0.0009983883333333425,0.7511,False,ok
20260924,selector,pokec_n,FairGNN (default): BCE -> AUC selector,same_run,FairGNN,controlled,common_bce,FairGNN,controlled,common_auc,negDP,30,0.006576600000000001,-1.7401666666668188e-05,0.01623649333333333,0.9744,False,ok
20260924,selector,pokec_n,FairGNN (default): BCE -> AUC selector,same_run,FairGNN,controlled,common_bce,FairGNN,controlled,common_auc,negEO,30,0.0031212666666666678,-0.0029288708333333325,0.0112943325,0.8155,False,ok
20260924,selector,pokec_n_g,FairGNN (default): BCE -> AUC selector,same_run,FairGNN,controlled,common_bce,FairGNN,controlled,common_auc,dAUC,30,0.00016969999999998006,-0.0005867716666666791,0.0009603041666666436,0.6556,False,ok
20260924,selector,pokec_n_g,FairGNN (default): BCE -> AUC selector,same_run,FairGNN,controlled,common_bce,FairGNN,controlled,common_auc,negDP,30,0.0006618333333333342,-0.005164029166666664,0.00570914166666667,0.6268,False,ok
20260924,selector,pokec_n_g,FairGNN (default): BCE -> AUC selector,same_run,FairGNN,controlled,common_bce,FairGNN,controlled,common_auc,negEO,30,0.002296433333333333,-0.0029432750000000056,0.007498154999999994,0.8181,False,ok
20260924,selector,pokec_z,FairGNN (default): BCE -> AUC selector,same_run,FairGNN,controlled,common_bce,FairGNN,controlled,common_auc,dAUC,30,0.00403963333333334,0.0019821875000000104,0.00680549333333334,1.0,True,ok
20260924,selector,pokec_z,FairGNN (default): BCE -> AUC selector,same_run,FairGNN,controlled,common_bce,FairGNN,controlled,common_auc,negDP,30,0.010036099999999997,-0.004609486666666668,0.024179454166666656,0.9138,False,ok
20260924,selector,pokec_z,FairGNN (default): BCE -> AUC selector,same_run,FairGNN,controlled,common_bce,FairGNN,controlled,common_auc,negEO,30,0.005174100000000002,-0.006897132500000001,0.015745131666666665,0.8162,False,ok
20260924,selector,pokec_z_g,FairGNN (default): BCE -> AUC selector,same_run,FairGNN,controlled,common_bce,FairGNN,controlled,common_auc,dAUC,30,0.0035178666666666764,0.0016235750000000064,0.005717832500000006,1.0,True,ok
20260924,selector,pokec_z_g,FairGNN (default): BCE -> AUC selector,same_run,FairGNN,controlled,common_bce,FairGNN,controlled,common_auc,negDP,30,-0.006268800000000001,-0.015495401666666669,0.001828400833333334,0.9349,False,ok
20260924,selector,pokec_z_g,FairGNN (default): BCE -> AUC selector,same_run,FairGNN,controlled,common_bce,FairGNN,controlled,common_auc,negEO,30,-0.009221533333333332,-0.019318827499999996,0.0006972458333333292,0.9653,False,ok
20260924,selector,bail,FairSIN (GCN): BCE -> AUC selector,same_run,FairSIN-GCN,controlled,common_bce,FairSIN-GCN,controlled,common_auc,dAUC,30,-0.0003142666666666738,-0.010735975833333312,0.009095955833333317,0.5193,False,ok
20260924,selector,bail,FairSIN (GCN): BCE -> AUC selector,same_run,FairSIN-GCN,controlled,common_bce,FairSIN-GCN,controlled,common_auc,negDP,30,0.005171266666666669,-0.008516641666666665,0.019173620833333332,0.7642,False,ok
20260924,selector,bail,FairSIN (GCN): BCE -> AUC selector,same_run,FairSIN-GCN,controlled,common_bce,FairSIN-GCN,controlled,common_auc,negEO,30,0.013527533333333333,0.002887573333333335,0.025193074166666666,0.9961,True,ok
20260924,selector,credit,FairSIN (GCN): BCE -> AUC selector,same_run,FairSIN-GCN,controlled,common_bce,FairSIN-GCN,controlled,common_auc,dAUC,30,0.027774466666666657,0.011911300833333326,0.0532431066666666,1.0,True,ok
20260924,selector,credit,FairSIN (GCN): BCE -> AUC selector,same_run,FairSIN-GCN,controlled,common_bce,FairSIN-GCN,controlled,common_auc,negDP,30,0.04091276666666667,0.017383890833333335,0.0660427075,1.0,True,ok
20260924,selector,credit,FairSIN (GCN): BCE -> AUC selector,same_run,FairSIN-GCN,controlled,common_bce,FairSIN-GCN,controlled,common_auc,negEO,30,0.041532666666666655,0.019158245000000004,0.06798375916666663,1.0,True,ok
20260924,selector,german,FairSIN (GCN): BCE -> AUC selector,same_run,FairSIN-GCN,controlled,common_bce,FairSIN-GCN,controlled,common_auc,dAUC,30,0.059916233333333326,0.027619331666666698,0.09145687499999998,0.9998,True,ok
20260924,selector,german,FairSIN (GCN): BCE -> AUC selector,same_run,FairSIN-GCN,controlled,common_bce,FairSIN-GCN,controlled,common_auc,negDP,30,-0.0008099333333333389,-0.11318719500000002,0.10368552833333332,0.497,False,ok
20260924,selector,german,FairSIN (GCN): BCE -> AUC selector,same_run,FairSIN-GCN,controlled,common_bce,FairSIN-GCN,controlled,common_auc,negEO,30,0.027588566666666665,-0.059735887499999994,0.1109316175,0.7452,False,ok
20260924,selector,pokec_n,FairSIN (GCN): BCE -> AUC selector,same_run,FairSIN-GCN,controlled,common_bce,FairSIN-GCN,controlled,common_auc,dAUC,30,-0.0020122666666666732,-0.00811203333333335,0.0024146374999999888,0.7331,False,ok
20260924,selector,pokec_n,FairSIN (GCN): BCE -> AUC selector,same_run,FairSIN-GCN,controlled,common_bce,FairSIN-GCN,controlled,common_auc,negDP,30,0.01887746666666667,0.0008618408333333358,0.04646731583333333,0.9841,True,ok
20260924,selector,pokec_n,FairSIN (GCN): BCE -> AUC selector,same_run,FairSIN-GCN,controlled,common_bce,FairSIN-GCN,controlled,common_auc,negEO,30,0.0110547,-0.005530809999999998,0.033621745833333314,0.8707,False,ok
20260924,selector,pokec_z,FairSIN (GCN): BCE -> AUC selector,same_run,FairSIN-GCN,controlled,common_bce,FairSIN-GCN,controlled,common_auc,dAUC,30,-0.0020451999999999914,-0.0051184275000000085,0.0003390750000000206,0.9479,False,ok
20260924,selector,pokec_z,FairSIN (GCN): BCE -> AUC selector,same_run,FairSIN-GCN,controlled,common_bce,FairSIN-GCN,controlled,common_auc,negDP,30,-0.0006513000000000005,-0.015120778333333333,0.0147192375,0.5422,False,ok
20260924,selector,pokec_z,FairSIN (GCN): BCE -> AUC selector,same_run,FairSIN-GCN,controlled,common_bce,FairSIN-GCN,controlled,common_auc,negEO,30,-0.0012481333333333319,-0.016768405,0.015621070833333322,0.5791,False,ok
20260924,selector,bail,FairVGNN (default): BCE -> AUC selector,same_run,FairVGNN,controlled,common_bce,FairVGNN,controlled,common_auc,dAUC,30,-0.015146566666666675,-0.02361958416666669,-0.007150230000000028,0.9999,True,ok
20260924,selector,bail,FairVGNN (default): BCE -> AUC selector,same_run,FairVGNN,controlled,common_bce,FairVGNN,controlled,common_auc,negDP,30,-0.0064428,-0.02079691666666667,0.006433436666666665,0.8151,False,ok
20260924,selector,bail,FairVGNN (default): BCE -> AUC selector,same_run,FairVGNN,controlled,common_bce,FairVGNN,controlled,common_auc,negEO,30,-0.0029136333333333333,-0.00938302,0.002907978333333332,0.8247,False,ok
20260924,selector,credit,FairVGNN (default): BCE -> AUC selector,same_run,FairVGNN,controlled,common_bce,FairVGNN,controlled,common_auc,dAUC,30,-0.009841400000000007,-0.022430743333333343,-0.0021599841666666625,0.9968,True,ok
20260924,selector,credit,FairVGNN (default): BCE -> AUC selector,same_run,FairVGNN,controlled,common_bce,FairVGNN,controlled,common_auc,negDP,30,-0.03208453333333334,-0.09358414166666665,0.021985791666666653,0.8644,False,ok
20260924,selector,credit,FairVGNN (default): BCE -> AUC selector,same_run,FairVGNN,controlled,common_bce,FairVGNN,controlled,common_auc,negEO,30,-0.021846100000000004,-0.09382429749999999,0.04154603666666663,0.7242,False,ok
20260924,selector,german,FairVGNN (default): BCE -> AUC selector,same_run,FairVGNN,controlled,common_bce,FairVGNN,controlled,common_auc,dAUC,30,-0.020764466666666658,-0.05057805249999996,0.000531337500000008,0.9688,False,ok
20260924,selector,german,FairVGNN (default): BCE -> AUC selector,same_run,FairVGNN,controlled,common_bce,FairVGNN,controlled,common_auc,negDP,30,-0.05989776666666667,-0.12923172749999998,-0.0009004366666666973,0.9775,True,ok
20260924,selector,german,FairVGNN (default): BCE -> AUC selector,same_run,FairVGNN,controlled,common_bce,FairVGNN,controlled,common_auc,negEO,30,-0.07010756666666665,-0.14127678166666666,-0.005802651666666662,0.9848,True,ok
20260924,selector,bail,GEAR (default): BCE -> AUC selector,same_run,GEAR,controlled,common_bce,GEAR,controlled,common_auc,dAUC,30,1.220000000001405e-05,-0.0021167349999999673,0.0020179874999999895,0.5222,False,ok
20260924,selector,bail,GEAR (default): BCE -> AUC selector,same_run,GEAR,controlled,common_bce,GEAR,controlled,common_auc,negDP,30,0.004494333333333333,-0.0053689675,0.01565766999999999,0.7914,False,ok
20260924,selector,bail,GEAR (default): BCE -> AUC selector,same_run,GEAR,controlled,common_bce,GEAR,controlled,common_auc,negEO,30,0.002039000000000001,-0.0041412574999999995,0.010587641666666663,0.6802,False,ok
20260924,selector,bail,NIFTY (default): BCE -> AUC selector,same_run,NIFTY,controlled,common_bce,NIFTY,controlled,common_auc,dAUC,30,0.0015175333333333355,0.0003658608333333179,0.0031236591666666744,0.9997,True,ok
20260924,selector,bail,NIFTY (default): BCE -> AUC selector,same_run,NIFTY,controlled,common_bce,NIFTY,controlled,common_auc,negDP,30,0.00010580000000000034,-0.003929867500000001,0.003782286666666667,0.559,False,ok
20260924,selector,bail,NIFTY (default): BCE -> AUC selector,same_run,NIFTY,controlled,common_bce,NIFTY,controlled,common_auc,negEO,30,0.0017580000000000002,0.00019059999999999992,0.003630175833333333,0.9897,True,ok
20260924,selector,credit,NIFTY (default): BCE -> AUC selector,same_run,NIFTY,controlled,common_bce,NIFTY,controlled,common_auc,dAUC,30,0.0021326333333333224,-0.0017373491666666638,0.006247096666666614,0.8489,False,ok
20260924,selector,credit,NIFTY (default): BCE -> AUC selector,same_run,NIFTY,controlled,common_bce,NIFTY,controlled,common_auc,negDP,30,-0.002510533333333333,-0.008681405,0.004164843333333333,0.7765,False,ok
20260924,selector,credit,NIFTY (default): BCE -> AUC selector,same_run,NIFTY,controlled,common_bce,NIFTY,controlled,common_auc,negEO,30,-0.005254533333333333,-0.013499814166666667,0.002296307499999997,0.9101,False,ok
20260924,selector,german,NIFTY (default): BCE -> AUC selector,same_run,NIFTY,controlled,common_bce,NIFTY,controlled,common_auc,dAUC,30,0.023551700000000012,0.0018407958333333482,0.04513663083333335,0.985,True,ok
20260924,selector,german,NIFTY (default): BCE -> AUC selector,same_run,NIFTY,controlled,common_bce,NIFTY,controlled,common_auc,negDP,30,0.03066176666666666,0.006786926666666663,0.058151404166666656,0.9935,True,ok
20260924,selector,german,NIFTY (default): BCE -> AUC selector,same_run,NIFTY,controlled,common_bce,NIFTY,controlled,common_auc,negEO,30,0.0213298,-0.006192377499999997,0.05196649249999999,0.9295,False,ok
20260924,selector,bail,SFG (default): BCE -> AUC selector,same_run,SFG,controlled,common_bce,SFG,controlled,common_auc,dAUC,30,0.011213566666666685,-0.007425622499999997,0.027201662500000025,0.893,False,ok
20260924,selector,bail,SFG (default): BCE -> AUC selector,same_run,SFG,controlled,common_bce,SFG,controlled,common_auc,negDP,30,-0.020946233333333335,-0.042156303333333325,-0.002500415000000008,0.9874,True,ok
20260924,selector,bail,SFG (default): BCE -> AUC selector,same_run,SFG,controlled,common_bce,SFG,controlled,common_auc,negEO,30,-0.0030937333333333336,-0.01727148,0.01104041083333332,0.6655,False,ok
20260924,selector,credit,SFG (default): BCE -> AUC selector,same_run,SFG,controlled,common_bce,SFG,controlled,common_auc,dAUC,30,0.002443799999999996,0.0007013958333333375,0.004445635833333331,0.9977,True,ok
20260924,selector,credit,SFG (default): BCE -> AUC selector,same_run,SFG,controlled,common_bce,SFG,controlled,common_auc,negDP,30,0.01099303333333333,-0.014389990833333335,0.038954763333333337,0.794,False,ok
20260924,selector,credit,SFG (default): BCE -> AUC selector,same_run,SFG,controlled,common_bce,SFG,controlled,common_auc,negEO,30,0.007906633333333333,-0.014694957500000005,0.03423529166666666,0.7319,False,ok
20260924,selector,german,SFG (default): BCE -> AUC selector,same_run,SFG,controlled,common_bce,SFG,controlled,common_auc,dAUC,30,0.007347366666666647,-0.019489885000000033,0.030197633333333283,0.7325,False,ok
20260924,selector,german,SFG (default): BCE -> AUC selector,same_run,SFG,controlled,common_bce,SFG,controlled,common_auc,negDP,30,-0.06010479999999999,-0.15828960916666668,0.029532104999999996,0.9034,False,ok
20260924,selector,german,SFG (default): BCE -> AUC selector,same_run,SFG,controlled,common_bce,SFG,controlled,common_auc,negEO,30,-0.04603253333333334,-0.1321208775,0.039012974999999964,0.8537,False,ok
20260924,native_horizon_selector,bail,FairGB (default): controlled -> native,same_split_different_run,FairGB,controlled,common_bce,FairGB,native,common_bce,dAUC,30,0.042978399999999986,0.0349017175,0.05270917666666663,1.0,True,ok
20260924,native_horizon_selector,bail,FairGB (default): controlled -> native,same_split_different_run,FairGB,controlled,common_bce,FairGB,native,common_bce,negDP,30,0.049401366666666675,0.019052732500000003,0.08019497666666667,0.9996,True,ok
20260924,native_horizon_selector,bail,FairGB (default): controlled -> native,same_split_different_run,FairGB,controlled,common_bce,FairGB,native,common_bce,negEO,30,0.06747886666666666,0.03427737916666667,0.10082461166666666,1.0,True,ok
20260924,native_horizon_selector,credit,FairGB (default): controlled -> native,same_split_different_run,FairGB,controlled,common_bce,FairGB,native,common_bce,dAUC,30,0.010836233333333334,0.0062314799999999785,0.015548208333333334,1.0,True,ok
20260924,native_horizon_selector,credit,FairGB (default): controlled -> native,same_split_different_run,FairGB,controlled,common_bce,FairGB,native,common_bce,negDP,30,0.06707046666666668,0.03174557999999999,0.10431328166666666,1.0,True,ok
20260924,native_horizon_selector,credit,FairGB (default): controlled -> native,same_split_different_run,FairGB,controlled,common_bce,FairGB,native,common_bce,negEO,30,0.06037346666666666,0.027465016666666665,0.09788352583333333,1.0,True,ok
20260924,native_horizon_selector,bail,FairSIN (GCN): controlled -> native,same_split_different_run,FairSIN-GCN,controlled,common_bce,FairSIN-GCN,native,common_bce,dAUC,30,0.0005393999999999862,-0.0027981433333333495,0.004091242499999988,0.6207,False,ok
20260924,native_horizon_selector,bail,FairSIN (GCN): controlled -> native,same_split_different_run,FairSIN-GCN,controlled,common_bce,FairSIN-GCN,native,common_bce,negDP,30,0.00020813333333333356,-0.001856035833333333,0.0026877224999999985,0.5487,False,ok
20260924,native_horizon_selector,bail,FairSIN (GCN): controlled -> native,same_split_different_run,FairSIN-GCN,controlled,common_bce,FairSIN-GCN,native,common_bce,negEO,30,0.001040266666666667,-0.002848896666666667,0.005795579166666667,0.666,False,ok
20260924,native_horizon_selector,credit,FairSIN (GCN): controlled -> native,same_split_different_run,FairSIN-GCN,controlled,common_bce,FairSIN-GCN,native,common_bce,dAUC,30,-0.00308343333333335,-0.02787183916666669,0.027304749166666597,0.6303,False,ok
20260924,native_horizon_selector,credit,FairSIN (GCN): controlled -> native,same_split_different_run,FairSIN-GCN,controlled,common_bce,FairSIN-GCN,native,common_bce,negDP,30,0.006000199999999998,-0.013437984166666672,0.02767266499999999,0.7129,False,ok
20260924,native_horizon_selector,credit,FairSIN (GCN): controlled -> native,same_split_different_run,FairSIN-GCN,controlled,common_bce,FairSIN-GCN,native,common_bce,negEO,30,0.007816766666666667,-0.00915368916666667,0.027325634999999997,0.7901,False,ok
20260924,native_horizon_selector,german,FairSIN (GCN): controlled -> native,same_split_different_run,FairSIN-GCN,controlled,common_bce,FairSIN-GCN,native,common_bce,dAUC,30,0.01867313333333333,-0.021334588333333324,0.05798411083333333,0.8175,False,ok
20260924,native_horizon_selector,german,FairSIN (GCN): controlled -> native,same_split_different_run,FairSIN-GCN,controlled,common_bce,FairSIN-GCN,native,common_bce,negDP,30,-0.029594200000000005,-0.09116924333333333,0.03590223749999997,0.8286,False,ok
20260924,native_horizon_selector,german,FairSIN (GCN): controlled -> native,same_split_different_run,FairSIN-GCN,controlled,common_bce,FairSIN-GCN,native,common_bce,negEO,30,-0.04920596666666668,-0.10935371,0.012780187499999993,0.9407,False,ok
20260924,native_horizon_selector,pokec_n,FairSIN (GCN): controlled -> native,same_split_different_run,FairSIN-GCN,controlled,common_bce,FairSIN-GCN,native,common_bce,dAUC,30,0.00010209999999999016,-0.0001734675000000142,0.0005782008333333142,0.6869,False,ok
20260924,native_horizon_selector,pokec_n,FairSIN (GCN): controlled -> native,same_split_different_run,FairSIN-GCN,controlled,common_bce,FairSIN-GCN,native,common_bce,negDP,30,0.001193233333333333,-0.000316,0.003921282499999996,0.8712,False,ok
20260924,native_horizon_selector,pokec_n,FairSIN (GCN): controlled -> native,same_split_different_run,FairSIN-GCN,controlled,common_bce,FairSIN-GCN,native,common_bce,negEO,30,0.0010299333333333332,-0.0003245383333333339,0.0036685966666666647,0.853,False,ok
20260924,native_horizon_selector,pokec_z,FairSIN (GCN): controlled -> native,same_split_different_run,FairSIN-GCN,controlled,common_bce,FairSIN-GCN,native,common_bce,dAUC,30,4.070000000000832e-05,-1.299999999993066e-06,0.0001647008333333468,0.5628,False,ok
20260924,native_horizon_selector,pokec_z,FairSIN (GCN): controlled -> native,same_split_different_run,FairSIN-GCN,controlled,common_bce,FairSIN-GCN,native,common_bce,negDP,30,-0.0014186666666666666,-0.005674666666666666,0.0,0.5098,False,ok
20260924,native_horizon_selector,pokec_z,FairSIN (GCN): controlled -> native,same_split_different_run,FairSIN-GCN,controlled,common_bce,FairSIN-GCN,native,common_bce,negEO,30,-0.0003581000000000001,-0.0014324000000000003,0.0,0.5108,False,ok
20260924,native_horizon_selector,bail,FairSIN (GIN): controlled -> native,same_split_different_run,FairSIN-GIN,controlled,common_bce,FairSIN-GIN,native,common_bce,dAUC,30,-0.002419966666666673,-0.008717310000000015,0.00337355,0.7925,False,ok
20260924,native_horizon_selector,bail,FairSIN (GIN): controlled -> native,same_split_different_run,FairSIN-GIN,controlled,common_bce,FairSIN-GIN,native,common_bce,negDP,30,0.002712766666666667,-0.004614778333333333,0.008122321666666666,0.8028,False,ok
20260924,native_horizon_selector,bail,FairSIN (GIN): controlled -> native,same_split_different_run,FairSIN-GIN,controlled,common_bce,FairSIN-GIN,native,common_bce,negEO,30,0.0025941666666666665,-0.00905761083333333,0.01258675833333333,0.7023,False,ok
20260924,native_horizon_selector,credit,FairSIN (GIN): controlled -> native,same_split_different_run,FairSIN-GIN,controlled,common_bce,FairSIN-GIN,native,common_bce,dAUC,30,0.005495066666666677,-0.0027784466666666363,0.019472332500000005,0.8389,False,ok
20260924,native_horizon_selector,credit,FairSIN (GIN): controlled -> native,same_split_different_run,FairSIN-GIN,controlled,common_bce,FairSIN-GIN,native,common_bce,negDP,30,-0.006684266666666665,-0.014931390833333332,0.001677129999999996,0.942,False,ok
20260924,native_horizon_selector,credit,FairSIN (GIN): controlled -> native,same_split_different_run,FairSIN-GIN,controlled,common_bce,FairSIN-GIN,native,common_bce,negEO,30,-0.004897733333333334,-0.012526625000000001,0.002905136666666666,0.8917,False,ok
20260924,native_horizon_selector,german,FairSIN (GIN): controlled -> native,same_split_different_run,FairSIN-GIN,controlled,common_bce,FairSIN-GIN,native,common_bce,dAUC,30,-0.006125533333333344,-0.022283782500000016,0.008815652499999998,0.7662,False,ok
20260924,native_horizon_selector,german,FairSIN (GIN): controlled -> native,same_split_different_run,FairSIN-GIN,controlled,common_bce,FairSIN-GIN,native,common_bce,negDP,30,0.033947700000000004,0.0019643616666666663,0.06898546666666665,0.9827,True,ok
20260924,native_horizon_selector,german,FairSIN (GIN): controlled -> native,same_split_different_run,FairSIN-GIN,controlled,common_bce,FairSIN-GIN,native,common_bce,negEO,30,0.013422033333333335,-0.024594614166666657,0.04349931749999999,0.7896,False,ok
20260924,native_horizon_selector,pokec_n,FairSIN (GIN): controlled -> native,same_split_different_run,FairSIN-GIN,controlled,common_bce,FairSIN-GIN,native,common_bce,dAUC,30,0.0024878333333333263,-0.00508401500000001,0.009994090833333347,0.7338,False,ok
20260924,native_horizon_selector,pokec_n,FairSIN (GIN): controlled -> native,same_split_different_run,FairSIN-GIN,controlled,common_bce,FairSIN-GIN,native,common_bce,negDP,30,0.0079542,-0.011080175833333332,0.026134143333333328,0.7913,False,ok
20260924,native_horizon_selector,pokec_n,FairSIN (GIN): controlled -> native,same_split_different_run,FairSIN-GIN,controlled,common_bce,FairSIN-GIN,native,common_bce,negEO,30,0.005758066666666667,-0.012423430833333332,0.027003084999999993,0.6985,False,ok
20260924,native_horizon_selector,pokec_z,FairSIN (GIN): controlled -> native,same_split_different_run,FairSIN-GIN,controlled,common_bce,FairSIN-GIN,native,common_bce,dAUC,30,0.002815600000000003,-0.0037991991666666784,0.009098591666666662,0.8065,False,ok
20260924,native_horizon_selector,pokec_z,FairSIN (GIN): controlled -> native,same_split_different_run,FairSIN-GIN,controlled,common_bce,FairSIN-GIN,native,common_bce,negDP,30,-0.012909766666666666,-0.028238338333333335,0.005142626666666659,0.9276,False,ok
20260924,native_horizon_selector,pokec_z,FairSIN (GIN): controlled -> native,same_split_different_run,FairSIN-GIN,controlled,common_bce,FairSIN-GIN,native,common_bce,negEO,30,-0.007005599999999999,-0.019049129166666665,0.008035696666666668,0.8487,False,ok
20260924,native_horizon_selector,bail,FairSIN (SAGE): controlled -> native,same_split_different_run,FairSIN-SAGE,controlled,common_bce,FairSIN-SAGE,native,common_bce,dAUC,30,-0.001979733333333315,-0.00991700833333331,0.005215933333333341,0.7088,False,ok
20260924,native_horizon_selector,bail,FairSIN (SAGE): controlled -> native,same_split_different_run,FairSIN-SAGE,controlled,common_bce,FairSIN-SAGE,native,common_bce,negDP,30,-0.0010200666666666668,-0.01071896083333334,0.008197676666666669,0.5866,False,ok
20260924,native_horizon_selector,bail,FairSIN (SAGE): controlled -> native,same_split_different_run,FairSIN-SAGE,controlled,common_bce,FairSIN-SAGE,native,common_bce,negEO,30,0.003949666666666667,-0.009921538333333332,0.015738243333333332,0.7447,False,ok
20260924,native_horizon_selector,credit,FairSIN (SAGE): controlled -> native,same_split_different_run,FairSIN-SAGE,controlled,common_bce,FairSIN-SAGE,native,common_bce,dAUC,30,-0.0015667333333333588,-0.006555699166666696,0.0027804366666666085,0.7319,False,ok
20260924,native_horizon_selector,credit,FairSIN (SAGE): controlled -> native,same_split_different_run,FairSIN-SAGE,controlled,common_bce,FairSIN-SAGE,native,common_bce,negDP,30,0.024011433333333332,-0.03210852916666668,0.08030353416666666,0.7984,False,ok
20260924,native_horizon_selector,credit,FairSIN (SAGE): controlled -> native,same_split_different_run,FairSIN-SAGE,controlled,common_bce,FairSIN-SAGE,native,common_bce,negEO,30,0.01814783333333334,-0.02479089666666667,0.06457201499999995,0.7859,False,ok
20260924,native_horizon_selector,german,FairSIN (SAGE): controlled -> native,same_split_different_run,FairSIN-SAGE,controlled,common_bce,FairSIN-SAGE,native,common_bce,dAUC,30,-0.007982266666666652,-0.024611369999999966,0.008850795833333334,0.8362,False,ok
20260924,native_horizon_selector,german,FairSIN (SAGE): controlled -> native,same_split_different_run,FairSIN-SAGE,controlled,common_bce,FairSIN-SAGE,native,common_bce,negDP,30,0.011272266666666662,-0.03384199916666667,0.05987614499999998,0.6948,False,ok
20260924,native_horizon_selector,german,FairSIN (SAGE): controlled -> native,same_split_different_run,FairSIN-SAGE,controlled,common_bce,FairSIN-SAGE,native,common_bce,negEO,30,0.0007217999999999998,-0.049785485,0.04856790833333332,0.5288,False,ok
20260924,native_horizon_selector,pokec_n,FairSIN (SAGE): controlled -> native,same_split_different_run,FairSIN-SAGE,controlled,common_bce,FairSIN-SAGE,native,common_bce,dAUC,30,-1.4333333333331015e-05,-0.000527704166666668,0.0004250500000000059,0.4904,False,ok
20260924,native_horizon_selector,pokec_n,FairSIN (SAGE): controlled -> native,same_split_different_run,FairSIN-SAGE,controlled,common_bce,FairSIN-SAGE,native,common_bce,negDP,30,0.0003440333333333337,-0.0017647000000000001,0.002575618333333333,0.6316,False,ok
20260924,native_horizon_selector,pokec_n,FairSIN (SAGE): controlled -> native,same_split_different_run,FairSIN-SAGE,controlled,common_bce,FairSIN-SAGE,native,common_bce,negEO,30,0.0006380333333333332,-0.0015438999999999995,0.002903772499999999,0.7193,False,ok
20260924,native_horizon_selector,pokec_z,FairSIN (SAGE): controlled -> native,same_split_different_run,FairSIN-SAGE,controlled,common_bce,FairSIN-SAGE,native,common_bce,dAUC,30,-0.0004286333333333355,-0.0019476674999999997,0.0002461675000000062,0.6551,False,ok
20260924,native_horizon_selector,pokec_z,FairSIN (SAGE): controlled -> native,same_split_different_run,FairSIN-SAGE,controlled,common_bce,FairSIN-SAGE,native,common_bce,negDP,30,-3.46666666666667e-05,-0.0007145691666666668,0.0007173999999999998,0.5506,False,ok
20260924,native_horizon_selector,pokec_z,FairSIN (SAGE): controlled -> native,same_split_different_run,FairSIN-SAGE,controlled,common_bce,FairSIN-SAGE,native,common_bce,negEO,30,0.0004980666666666663,-0.001022503333333334,0.003474833333333333,0.5015,False,ok
20260924,native_horizon_selector,bail,FairVGNN (default): controlled -> native,same_split_different_run,FairVGNN,controlled,common_bce,FairVGNN,native,common_bce,dAUC,30,0.015581499999999993,0.0063087841666666505,0.025211244166666678,0.9999,True,ok
20260924,native_horizon_selector,bail,FairVGNN (default): controlled -> native,same_split_different_run,FairVGNN,controlled,common_bce,FairVGNN,native,common_bce,negDP,30,-0.0037341,-0.008710037500000002,0.0012528199999999982,0.925,False,ok
20260924,native_horizon_selector,bail,FairVGNN (default): controlled -> native,same_split_different_run,FairVGNN,controlled,common_bce,FairVGNN,native,common_bce,negEO,30,0.0011930666666666672,-0.005989449166666667,0.008540777499999996,0.6372,False,ok
20260924,native_horizon_selector,bail,SFG (default): controlled -> native,same_split_different_run,SFG,controlled,common_bce,SFG,native,common_bce,dAUC,30,-0.0011597333333333312,-0.004453212499999998,0.0015350858333333134,0.8026,False,ok
20260924,native_horizon_selector,bail,SFG (default): controlled -> native,same_split_different_run,SFG,controlled,common_bce,SFG,native,common_bce,negDP,30,-0.003695966666666666,-0.012778546666666666,0.0036625566666666676,0.7987,False,ok
20260924,native_horizon_selector,bail,SFG (default): controlled -> native,same_split_different_run,SFG,controlled,common_bce,SFG,native,common_bce,negEO,30,-0.003555633333333334,-0.01226986916666667,0.0016580208333333308,0.8716,False,ok
20260924,native_horizon_selector,credit,SFG (default): controlled -> native,same_split_different_run,SFG,controlled,common_bce,SFG,native,common_bce,dAUC,30,-0.0002702666666666594,-0.002417904999999984,0.0019001533333333415,0.598,False,ok
20260924,native_horizon_selector,credit,SFG (default): controlled -> native,same_split_different_run,SFG,controlled,common_bce,SFG,native,common_bce,negDP,30,0.0005101666666666678,-0.008090287499999998,0.013030369166666656,0.4836,False,ok
20260924,native_horizon_selector,credit,SFG (default): controlled -> native,same_split_different_run,SFG,controlled,common_bce,SFG,native,common_bce,negEO,30,-0.0014401666666666673,-0.008836722500000001,0.007197540833333327,0.6557,False,ok
20260924,native_horizon_selector,german,SFG (default): controlled -> native,same_split_different_run,SFG,controlled,common_bce,SFG,native,common_bce,dAUC,30,-0.0032406333333333463,-0.03342617833333337,0.019789965833333343,0.5557,False,ok
20260924,native_horizon_selector,german,SFG (default): controlled -> native,same_split_different_run,SFG,controlled,common_bce,SFG,native,common_bce,negDP,30,-0.04570983333333333,-0.12186755916666667,0.034602415833333316,0.8806,False,ok
20260924,native_horizon_selector,german,SFG (default): controlled -> native,same_split_different_run,SFG,controlled,common_bce,SFG,native,common_bce,negEO,30,-0.029821166666666673,-0.08946417999999999,0.03724290749999999,0.8276,False,ok
20260924,published_procedure,german,FairGB (default): controlled -> published procedure,same_split_different_run,FairGB,controlled,common_bce,FairGB,native,common_bce,dAUC,30,-0.006242499999999994,-0.029701754999999993,0.01522549166666664,0.698,False,ok
20260924,published_procedure,german,FairGB (default): controlled -> published procedure,same_split_different_run,FairGB,controlled,common_bce,FairGB,native,common_bce,negDP,30,0.047634366666666664,-0.025658286666666676,0.12381633333333318,0.8936,False,ok
20260924,published_procedure,german,FairGB (default): controlled -> published procedure,same_split_different_run,FairGB,controlled,common_bce,FairGB,native,common_bce,negEO,30,0.03802316666666667,-0.02860278666666666,0.10921310999999997,0.8648,False,ok
20260924,published_procedure,credit,FairVGNN (default): controlled -> published procedure,same_split_different_run,FairVGNN,controlled,common_bce,FairVGNN,native,common_bce,dAUC,30,-0.006134433333333344,-0.01564804583333333,0.001739080833333303,0.9264,False,ok
20260924,published_procedure,credit,FairVGNN (default): controlled -> published procedure,same_split_different_run,FairVGNN,controlled,common_bce,FairVGNN,native,common_bce,negDP,30,0.03208026666666667,-0.004485814999999999,0.08114022916666665,0.9525,False,ok
20260924,published_procedure,credit,FairVGNN (default): controlled -> published procedure,same_split_different_run,FairVGNN,controlled,common_bce,FairVGNN,native,common_bce,negEO,30,0.033879066666666666,-0.0048844158333333386,0.09177108416666664,0.9477,False,ok
20260924,published_procedure,german,FairVGNN (default): controlled -> published procedure,same_split_different_run,FairVGNN,controlled,common_bce,FairVGNN,native,common_bce,dAUC,30,-0.15343246666666668,-0.19164482499999994,-0.11116462999999997,1.0,True,ok
20260924,published_procedure,german,FairVGNN (default): controlled -> published procedure,same_split_different_run,FairVGNN,controlled,common_bce,FairVGNN,native,common_bce,negDP,30,0.19318193333333333,0.059258774166666674,0.3387477183333333,0.9989,True,ok
20260924,published_procedure,german,FairVGNN (default): controlled -> published procedure,same_split_different_run,FairVGNN,controlled,common_bce,FairVGNN,native,common_bce,negEO,30,0.15188906666666666,0.026454839166666688,0.3021322283333334,0.9938,True,ok
20260924,published_procedure,german,NIFTY (default): controlled -> published procedure,same_split_different_run,NIFTY,controlled,common_bce,NIFTY,native,common_bce,dAUC,30,0.0811314,0.04911544916666666,0.115029735,1.0,True,ok
20260924,published_procedure,german,NIFTY (default): controlled -> published procedure,same_split_different_run,NIFTY,controlled,common_bce,NIFTY,native,common_bce,negDP,30,-0.14457146666666665,-0.22641107166666666,-0.05811179833333339,0.9999,True,ok
20260924,published_procedure,german,NIFTY (default): controlled -> published procedure,same_split_different_run,NIFTY,controlled,common_bce,NIFTY,native,common_bce,negEO,30,-0.12644783333333334,-0.19173601666666668,-0.06075377333333334,1.0,True,ok
