dataset,loader,sensitive_attribute,label,existing_splits,official_method_support,notes
german,utils/data.py:load_german (via utils/dataloading.load_data -> utils/data.get_dataset),Gender,GoodCustomer,"20-25 (armA_german.csv, armB_native_*; e7_raw)","FairGB (upstream run.sh), FairVGNN (official-repo), NIFTY (official-repo), FairGNN (param.json), GNN (param.json)","In the frozen X22 controlled core and the frozen X23 native set. label_number=100, sens_idx=0. Split contract verified in X5."
bail,utils/data.py:load_bail,WHITE,RECID,"20-25 (armA_bail.csv + armA_bail_s23_25.csv; e7_raw)","FairGB (upstream run.sh), FairVGNN (official-repo), FairGNN (param.json), NIFTY (param.json), GNN (param.json)","Alias: 'recidivism' is the same loader and file (utils/data.py accepts both; param.json key is 'recidivism'). In the frozen core. label_number=100, sens_idx=0."
credit,utils/data.py:load_credit,Age,NoDefaultNextMonth,"20-25 (armA_credit.csv + armA_credit_s23_25.csv; e7_raw)","FairGB (upstream run.sh), FairVGNN (official-repo), FairGNN (param.json), NIFTY (param.json), GNN (param.json)","In the frozen core. label_number=6000, sens_idx=1."
pokec_z,utils/data.py:load_pokec (region_job),region,I_am_working_in_field,"20-25 (e7_raw artifacts)","FairGNN (param.json, dataset-specific alpha/beta), GNN (param.json, dataset-specific). NOT FairGB (no upstream branch, no zip, no run.sh line, no param.json key). NOT FairVGNN (param.json entry is a byte-identical copy of credit's). NIFTY has hidden dims only, no sim_coeff.","N=67,796, F=277, sens_idx=276. Loader contract verified read-only: train/val/test labels exactly {0,1} (the -1 unlabelled nodes are excluded from all three index sets), features finite, train and val disjoint from test, sens binary. Also an official FMP dataset."
pokec_z_g,utils/data.py:load_pokec (region_job),gender,I_am_working_in_field,"20-25 (e7_raw artifacts)","FairGNN (param.json), GNN (param.json). NOT FairGB, NOT FairVGNN (copied entry). NIFTY hidden dims only.","Same graph as pokec_z with gender as the sensitive attribute instead of region."
pokec_n,utils/data.py:load_pokec (region_job_2),region,I_am_working_in_field,"20-25 (e7_raw artifacts)","FairGNN (param.json, dataset-specific alpha/beta), GNN (param.json, dataset-specific). NOT FairGB, NOT FairVGNN (copied entry). NIFTY hidden dims only.","N=66,569, F=266, sens_idx=265. Loader contract verified read-only, same checks as pokec_z. Also an official FMP dataset."
pokec_n_g,utils/data.py:load_pokec (region_job_2),gender,I_am_working_in_field,"20-25 (e7_raw artifacts)","FairGNN (param.json), GNN (param.json). NOT FairGB, NOT FairVGNN (copied entry). NIFTY hidden dims only.","Same graph as pokec_n with gender as the sensitive attribute."
nba,utils/data.py:load_nba,country,SALARY,"e7_raw artifacts present","NONE of GNN, FairGNN, NIFTY, FairVGNN - no param.json entry exists for any of them, so published() returns only the _CLI defaults and no method hyperparameter. FairGB has no upstream support either. Official FMP dataset.","Labels use -1 for unlabelled nodes, filtered by balanced_split. Excluded within X27 because validation and test coincide."
income,utils/data.py:load_income,race,income,"e7_raw artifacts present","NONE of GNN, FairGNN, NIFTY, FairVGNN - no param.json entry. Not an FMP dataset either.","label_number=6000, sens_idx=header.index('race'). Present in the loader and in the e7 audit, but no roster method has a published configuration for it."
