method,dataset,configuration,shared_backbone,claimed_intervention,m_minus_I_state,m_plus_I_state,shared_horizon,shared_checkpoint_selector,shared_optimizer_and_hyperparameters,shared_preprocessing,source_file_or_command,provenance,qualification,shared_split_and_seeds,shared_evaluator
B (common baseline),bail,baseline,GCN,none (reference arm),-,-,H = 200,"sigma_c^BCE (primary), sigma_c^AUC (robustness), common evaluator, decision score>0",lr=0.001; num_hidden=8; num_proj_hidden=4; weight_decay=0.0,feature_normalize=False,"published('GNN', dataset) -> utils/param.json",local-unverified,,"6 splits (20-25) x 5 runs, seed = 27 + run, paired M0/M1","harness/core/evaluator.py, decision q > 0"
B (common baseline),credit,baseline,GCN,none (reference arm),-,-,H = 200,"sigma_c^BCE (primary), sigma_c^AUC (robustness), common evaluator, decision score>0",lr=0.001; num_hidden=32; num_proj_hidden=4; weight_decay=0.0,feature_normalize=False,"published('GNN', dataset) -> utils/param.json",local-unverified,,"6 splits (20-25) x 5 runs, seed = 27 + run, paired M0/M1","harness/core/evaluator.py, decision q > 0"
B (common baseline),german,baseline,GCN,none (reference arm),-,-,H = 200,"sigma_c^BCE (primary), sigma_c^AUC (robustness), common evaluator, decision score>0",lr=0.001; num_hidden=16; num_proj_hidden=16; weight_decay=0.0,feature_normalize=False,"published('GNN', dataset) -> utils/param.json",third-party-benchmark,,"6 splits (20-25) x 5 runs, seed = 27 + run, paired M0/M1","harness/core/evaluator.py, decision q > 0"
B (common baseline),income,baseline,GCN,none (reference arm),-,-,H = 200,"sigma_c^BCE (primary), sigma_c^AUC (robustness), common evaluator, decision score>0",lr=0.001; num_hidden=128; num_proj_hidden=128; weight_decay=0.0,feature_normalize=False,"published('GNN', dataset) -> utils/param.json",local-unverified,,"6 splits (20-25) x 5 runs, seed = 27 + run, paired M0/M1","harness/core/evaluator.py, decision q > 0"
B (common baseline),pokec_n,baseline,GCN,none (reference arm),-,-,H = 200,"sigma_c^BCE (primary), sigma_c^AUC (robustness), common evaluator, decision score>0",lr=0.001; num_hidden=32; num_proj_hidden=64; weight_decay=0.0,feature_normalize=False,"published('GNN', dataset) -> utils/param.json",local-unverified,,"6 splits (20-25) x 5 runs, seed = 27 + run, paired M0/M1","harness/core/evaluator.py, decision q > 0"
B (common baseline),pokec_z,baseline,GCN,none (reference arm),-,-,H = 200,"sigma_c^BCE (primary), sigma_c^AUC (robustness), common evaluator, decision score>0",lr=0.001; num_hidden=4; num_proj_hidden=16; weight_decay=0.0,feature_normalize=False,"published('GNN', dataset) -> utils/param.json",local-unverified,,"6 splits (20-25) x 5 runs, seed = 27 + run, paired M0/M1","harness/core/evaluator.py, decision q > 0"
BIND,bail,10pct,GCN,influence-guided deletion of training nodes (helpfulness_collection=1 ranking),"k = 0 (same Stage-A model, same retraining)",k = round(0.1 * |train|) most harmful training nodes deleted,H = 200,"sigma_c^BCE (primary), sigma_c^AUC (robustness), common evaluator, decision score>0","Stage A pretrain: lr=0.001, weight_decay=0.0001, hidden=16, dropout=0.5, epochs=1000; influence: scale=25, damp=0.03, recursion_depth=5000; Stage B retrain: lr=0.01, weight_decay=0.0",each official script's own (1_training full feature_norm; 2_influence keeps the sensitive column raw),BIND-main parser defaults + README.md:55 (scale 25),official-repo,"budget variant, reported apart, never pooled; fairness cost moved to validation nodes (leakage removed, estimator unchanged)","6 splits (20-25) x 5 runs, seed = 27 + run, paired M0/M1","harness/core/evaluator.py, decision q > 0"
BIND,bail,1pct,GCN,influence-guided deletion of training nodes (helpfulness_collection=1 ranking),"k = 0 (same Stage-A model, same retraining)",k = round(0.01 * |train|) most harmful training nodes deleted,H = 200,"sigma_c^BCE (primary), sigma_c^AUC (robustness), common evaluator, decision score>0","Stage A pretrain: lr=0.001, weight_decay=0.0001, hidden=16, dropout=0.5, epochs=1000; influence: scale=25, damp=0.03, recursion_depth=5000; Stage B retrain: lr=0.01, weight_decay=0.0",each official script's own (1_training full feature_norm; 2_influence keeps the sensitive column raw),BIND-main parser defaults + README.md:55 (scale 25),official-repo,"primary budget; fairness cost moved to validation nodes (leakage removed, estimator unchanged)","6 splits (20-25) x 5 runs, seed = 27 + run, paired M0/M1","harness/core/evaluator.py, decision q > 0"
BIND,income,10pct,GCN,influence-guided deletion of training nodes (helpfulness_collection=1 ranking),"k = 0 (same Stage-A model, same retraining)",k = round(0.1 * |train|) most harmful training nodes deleted,H = 200,"sigma_c^BCE (primary), sigma_c^AUC (robustness), common evaluator, decision score>0","Stage A pretrain: lr=0.001, weight_decay=0.0001, hidden=16, dropout=0.5, epochs=1000; influence: scale=25, damp=0.03, recursion_depth=5000; Stage B retrain: lr=0.01, weight_decay=0.0",each official script's own (1_training full feature_norm; 2_influence keeps the sensitive column raw),BIND-main parser defaults + README.md:55 (scale 25),official-repo,"budget variant, reported apart, never pooled; fairness cost moved to validation nodes (leakage removed, estimator unchanged)","6 splits (20-25) x 5 runs, seed = 27 + run, paired M0/M1","harness/core/evaluator.py, decision q > 0"
BIND,income,1pct,GCN,influence-guided deletion of training nodes (helpfulness_collection=1 ranking),"k = 0 (same Stage-A model, same retraining)",k = round(0.01 * |train|) most harmful training nodes deleted,H = 200,"sigma_c^BCE (primary), sigma_c^AUC (robustness), common evaluator, decision score>0","Stage A pretrain: lr=0.001, weight_decay=0.0001, hidden=16, dropout=0.5, epochs=1000; influence: scale=25, damp=0.03, recursion_depth=5000; Stage B retrain: lr=0.01, weight_decay=0.0",each official script's own (1_training full feature_norm; 2_influence keeps the sensitive column raw),BIND-main parser defaults + README.md:55 (scale 25),official-repo,"primary budget; fairness cost moved to validation nodes (leakage removed, estimator unchanged)","6 splits (20-25) x 5 runs, seed = 27 + run, paired M0/M1","harness/core/evaluator.py, decision q > 0"
BeMap,bail,GAT,GAT,balance-aware neighbour sampling: a fresh fair subgraph each epoch,"train_bemap.train(-1, ...) (full graph)","train_bemap.train(epoch, ...) (sampled subgraph)",H = 200,"sigma_c^BCE (primary), sigma_c^AUC (robustness), common evaluator, decision score>0",model=gat; lr=0.001; weight_decay=1e-05; hidden=128; dropout=0.5; beta=0.25; lam=0.5; save_num=4,BeMap feature_norm,"BeMap-main train_bemap.py --model gat, parser defaults",official-repo,"GAT keeps dropout active at evaluation (official forward); backbone variant, reported apart","6 splits (20-25) x 5 runs, seed = 27 + run, paired M0/M1","harness/core/evaluator.py, decision q > 0"
BeMap,bail,default,GCN,balance-aware per-epoch subgraph sampling,"train(-1, ...) -- the model's own full-graph branch","train(epoch, ...) -- a fair subgraph each epoch",H = 200,"sigma_c^BCE (primary), sigma_c^AUC (robustness), common evaluator, decision score>0",lr=0.001; weight_decay=1e-05; hidden=128; dropout=0.5; beta=0.25; lam=0.5; save_num=4; model=gcn,BeMap's own feature_norm (all columns),BeMap-main/README.md command + train_bemap.py parser defaults,official-repo,controlled only (native selects on test),"6 splits (20-25) x 5 runs, seed = 27 + run, paired M0/M1","harness/core/evaluator.py, decision q > 0"
BeMap,credit,GAT,GAT,balance-aware neighbour sampling: a fresh fair subgraph each epoch,"train_bemap.train(-1, ...) (full graph)","train_bemap.train(epoch, ...) (sampled subgraph)",H = 200,"sigma_c^BCE (primary), sigma_c^AUC (robustness), common evaluator, decision score>0",model=gat; lr=0.001; weight_decay=1e-05; hidden=128; dropout=0.5; beta=0.25; lam=0.5; save_num=4,BeMap feature_norm,"BeMap-main train_bemap.py --model gat, parser defaults",official-repo,"GAT keeps dropout active at evaluation (official forward); backbone variant, reported apart","6 splits (20-25) x 5 runs, seed = 27 + run, paired M0/M1","harness/core/evaluator.py, decision q > 0"
BeMap,credit,default,GCN,balance-aware per-epoch subgraph sampling,"train(-1, ...) -- the model's own full-graph branch","train(epoch, ...) -- a fair subgraph each epoch",H = 200,"sigma_c^BCE (primary), sigma_c^AUC (robustness), common evaluator, decision score>0",lr=0.001; weight_decay=1e-05; hidden=128; dropout=0.5; beta=0.25; lam=0.5; save_num=4; model=gcn,BeMap's own feature_norm (all columns),BeMap-main/README.md command + train_bemap.py parser defaults,official-repo,controlled only (native selects on test),"6 splits (20-25) x 5 runs, seed = 27 + run, paired M0/M1","harness/core/evaluator.py, decision q > 0"
BeMap,pokec_z,GAT,GAT,balance-aware neighbour sampling: a fresh fair subgraph each epoch,"train_bemap.train(-1, ...) (full graph)","train_bemap.train(epoch, ...) (sampled subgraph)",H = 200,"sigma_c^BCE (primary), sigma_c^AUC (robustness), common evaluator, decision score>0",model=gat; lr=0.001; weight_decay=1e-05; hidden=128; dropout=0.5; beta=0.25; lam=0.5; save_num=4,BeMap feature_norm,"BeMap-main train_bemap.py --model gat, parser defaults",official-repo,"GAT keeps dropout active at evaluation (official forward); backbone variant, reported apart","6 splits (20-25) x 5 runs, seed = 27 + run, paired M0/M1","harness/core/evaluator.py, decision q > 0"
BeMap,pokec_z,default,GCN,balance-aware per-epoch subgraph sampling,"train(-1, ...) -- the model's own full-graph branch","train(epoch, ...) -- a fair subgraph each epoch",H = 200,"sigma_c^BCE (primary), sigma_c^AUC (robustness), common evaluator, decision score>0",lr=0.001; weight_decay=1e-05; hidden=128; dropout=0.5; beta=0.25; lam=0.5; save_num=4; model=gcn,BeMap's own feature_norm (all columns),BeMap-main/README.md command + train_bemap.py parser defaults,official-repo,controlled only (native selects on test),"6 splits (20-25) x 5 runs, seed = 27 + run, paired M0/M1","harness/core/evaluator.py, decision q > 0"
EDITS,bail,default,GCN,debiasing stage EDITS.fit: attribute debiasing (4 lowest-weight columns zeroed) + structural debiasing binarised at threshold,stage bypassed: original features and adjacency into the same predict(),"fit() then predict(), threshold_proportion=0.05",H = 200,"sigma_c^BCE (primary), sigma_c^AUC (robustness), common evaluator, decision score>0",lr=0.001; weight_decay=1e-05; debiaser dropout=0.1; debias fit epochs=500; nhid=50,load_data(feature_normalize=False),utils/param.json[EDITS] + train_baselines.py:567-587,local-unverified (repository wrapper),wrapper param routing repaired ; upstream repo not vendored,"6 splits (20-25) x 5 runs, seed = 27 + run, paired M0/M1","harness/core/evaluator.py, decision q > 0"
EDITS,credit,default,GCN,debiasing stage EDITS.fit: attribute debiasing (4 lowest-weight columns zeroed) + structural debiasing binarised at threshold,stage bypassed: original features and adjacency into the same predict(),"fit() then predict(), threshold_proportion=0.01",H = 200,"sigma_c^BCE (primary), sigma_c^AUC (robustness), common evaluator, decision score>0",lr=0.001; weight_decay=1e-05; debiaser dropout=0.8; debias fit epochs=500; nhid=50,load_data(feature_normalize=False); features / column norm,utils/param.json[EDITS] + train_baselines.py:567-587,local-unverified (repository wrapper),wrapper param routing repaired ; upstream repo not vendored,"6 splits (20-25) x 5 runs, seed = 27 + run, paired M0/M1","harness/core/evaluator.py, decision q > 0"
EDITS,german,default,GCN,debiasing stage EDITS.fit: attribute debiasing (4 lowest-weight columns zeroed) + structural debiasing binarised at threshold,stage bypassed: original features and adjacency into the same predict(),"fit() then predict(), threshold_proportion=0.29",H = 200,"sigma_c^BCE (primary), sigma_c^AUC (robustness), common evaluator, decision score>0",lr=0.001; weight_decay=1e-05; debiaser dropout=0.3; debias fit epochs=100; nhid=50,load_data(feature_normalize=False); features / column norm,utils/param.json[EDITS] + train_baselines.py:567-587,local-unverified (repository wrapper),wrapper param routing repaired ; upstream repo not vendored,"6 splits (20-25) x 5 runs, seed = 27 + run, paired M0/M1","harness/core/evaluator.py, decision q > 0"
FairEdit,bail,default,GCN,gradient-guided edge editing (fair_graph_edit while epoch < edit_num),edit_num=0,edit_num=10,H = 200,"sigma_c^BCE (primary), sigma_c^AUC (robustness), common evaluator, decision score>0",lr=0.001; weight_decay=0.0001; hidden=32; dropout=0.2; model=gcn,load_data(feature_normalize=False); fit() feature_norm keeping the sensitive column,utils/param.json[FairEdit] + train_baselines.py:550-565,local-unverified (repository wrapper),the intervention removes 20 of ~44k edges at the repository default,"6 splits (20-25) x 5 runs, seed = 27 + run, paired M0/M1","harness/core/evaluator.py, decision q > 0"
FairEdit,credit,default,GCN,gradient-guided edge editing (fair_graph_edit while epoch < edit_num),edit_num=0,edit_num=10,H = 200,"sigma_c^BCE (primary), sigma_c^AUC (robustness), common evaluator, decision score>0",lr=0.001; weight_decay=0.001; hidden=16; dropout=0.2; model=gcn,load_data(feature_normalize=False); fit() feature_norm keeping the sensitive column,utils/param.json[FairEdit] + train_baselines.py:550-565,local-unverified (repository wrapper),the intervention removes 20 of ~44k edges at the repository default,"6 splits (20-25) x 5 runs, seed = 27 + run, paired M0/M1","harness/core/evaluator.py, decision q > 0"
FairEdit,german,default,GCN,gradient-guided edge editing (fair_graph_edit while epoch < edit_num),edit_num=0,edit_num=10,H = 200,"sigma_c^BCE (primary), sigma_c^AUC (robustness), common evaluator, decision score>0",lr=0.001; weight_decay=0.005; hidden=4; dropout=0.2; model=gcn,load_data(feature_normalize=True); fit() feature_norm keeping the sensitive column,utils/param.json[FairEdit] + train_baselines.py:550-565,local-unverified (repository wrapper),the intervention removes 20 of ~44k edges at the repository default,"6 splits (20-25) x 5 runs, seed = 27 + run, paired M0/M1","harness/core/evaluator.py, decision q > 0"
FairGB,bail,default,SAGE,contribution alignment (CAL) and counterfactual node mixup (CNM),"use_cal=False, use_cnm=False",alpha=2,H = 200,"sigma_c^BCE (primary), sigma_c^AUC (robustness), common evaluator, decision score>0",alpha=2; c_lr=0.01; e_lr=0.01; hidden=16,feature_normalize=True,FairGB-main/run.sh,official-repo,official-repo-default: hidden=16 (run.sh does not set it),"6 splits (20-25) x 5 runs, seed = 27 + run, paired M0/M1","harness/core/evaluator.py, decision q > 0"
FairGB,credit,default,SAGE,contribution alignment (CAL) and counterfactual node mixup (CNM),"use_cal=False, use_cnm=False",alpha=1,H = 200,"sigma_c^BCE (primary), sigma_c^AUC (robustness), common evaluator, decision score>0",alpha=1; c_lr=0.01; c_wd=0.0001; e_lr=0.01; e_wd=0.0001; hidden=16,feature_normalize=True,FairGB-main/run.sh,official-repo,official-repo-default: hidden=16 (run.sh does not set it),"6 splits (20-25) x 5 runs, seed = 27 + run, paired M0/M1","harness/core/evaluator.py, decision q > 0"
FairGB,german,default,SAGE,contribution alignment (CAL) and counterfactual node mixup (CNM),"use_cal=False, use_cnm=False","alpha=4, eta=0.7",H = 200,"sigma_c^BCE (primary), sigma_c^AUC (robustness), common evaluator, decision score>0",alpha=4; c_lr=0.01; e_lr=0.01; eta=0.7; hidden=16,feature_normalize=True,FairGB-main/run.sh,official-repo,official-repo-default: hidden=16 (run.sh does not set it),"6 splits (20-25) x 5 runs, seed = 27 + run, paired M0/M1","harness/core/evaluator.py, decision q > 0"
FairGNN,bail,default,GCN,adversarial debiasing: a covariance constraint (alpha) and an adversary loss (beta) against a sensitive-attribute estimator,"alpha=0.0, beta=0.0","alpha=2, beta=0.05",H = 200,"sigma_c^BCE (primary), sigma_c^AUC (robustness), common evaluator, decision score>0",acc=0.54; alpha=2; beta=0.05; lr=0.001; num_hidden=128; weight_decay=0.0,feature_normalize=False,utils/param.json,local-unverified,"FairGNN's own repository configures nba, pokec_n and pokec_z only -- never german, bail or credit","6 splits (20-25) x 5 runs, seed = 27 + run, paired M0/M1","harness/core/evaluator.py, decision q > 0"
FairGNN,credit,default,GCN,adversarial debiasing: a covariance constraint (alpha) and an adversary loss (beta) against a sensitive-attribute estimator,"alpha=0.0, beta=0.0","alpha=1, beta=0.005",H = 200,"sigma_c^BCE (primary), sigma_c^AUC (robustness), common evaluator, decision score>0",acc=0.3; alpha=1; beta=0.005; lr=0.001; num_hidden=128; weight_decay=0.0,feature_normalize=False,utils/param.json,local-unverified,"FairGNN's own repository configures nba, pokec_n and pokec_z only -- never german, bail or credit","6 splits (20-25) x 5 runs, seed = 27 + run, paired M0/M1","harness/core/evaluator.py, decision q > 0"
FairGNN,german,default,GCN,adversarial debiasing: a covariance constraint (alpha) and an adversary loss (beta) against a sensitive-attribute estimator,"alpha=0.0, beta=0.0","alpha=8, beta=0.005",H = 200,"sigma_c^BCE (primary), sigma_c^AUC (robustness), common evaluator, decision score>0",acc=0.36000000000000004; alpha=8; beta=0.005; lr=0.001; num_hidden=16; weight_decay=0.0,feature_normalize=True,"harness/provenance/nifty_README.md (NIFTY, as a baseline)",third-party-benchmark,"FairGNN's own repository configures nba, pokec_n and pokec_z only -- never german, bail or credit; alpha/beta come from param.json and remain local-unverified","6 splits (20-25) x 5 runs, seed = 27 + run, paired M0/M1","harness/core/evaluator.py, decision q > 0"
FairGNN,pokec_n,default,GCN,adversarial debiasing: a covariance constraint (alpha) and an adversary loss (beta) against a sensitive-attribute estimator,"alpha=0.0, beta=0.0","alpha=8, beta=0.01",H = 200,"sigma_c^BCE (primary), sigma_c^AUC (robustness), common evaluator, decision score>0",acc=0.3; alpha=8; beta=0.01; lr=0.001; num_hidden=128; weight_decay=0.0,feature_normalize=False,utils/param.json,local-unverified,"FairGNN's own repository configures nba, pokec_n and pokec_z only -- never german, bail or credit","6 splits (20-25) x 5 runs, seed = 27 + run, paired M0/M1","harness/core/evaluator.py, decision q > 0"
FairGNN,pokec_n,upstreamGAT,GAT,adversarial debiasing: a covariance constraint (alpha) and an adversary loss (beta) against a sensitive-attribute estimator,"alpha=0, beta=0","alpha=4, beta=0.01",H = 200,"sigma_c^BCE (primary), sigma_c^AUC (robustness), common evaluator, decision score>0","lr=0.001; weight_decay=1e-05; GAT_body: 1 layer, heads [1,1], hidden 64, feat_drop 0.5, attn_drop 0",feature_normalize=False,FairGNN upstream src/scripts/pokec_n/train_fairGAT.sh (harness/provenance/fairgnn_upstream),official-repo,"upstream configuration; the primary cell keeps utils/param.json; recorded, not applied: --acc/--roc, --epochs, --sens_number","6 splits (20-25) x 5 runs, seed = 27 + run, paired M0/M1","harness/core/evaluator.py, decision q > 0"
FairGNN,pokec_n,upstreamGCN,GCN,adversarial debiasing: a covariance constraint (alpha) and an adversary loss (beta) against a sensitive-attribute estimator,"alpha=0, beta=0","alpha=50, beta=1",H = 200,"sigma_c^BCE (primary), sigma_c^AUC (robustness), common evaluator, decision score>0",lr=0.001; weight_decay=1e-05,feature_normalize=False,FairGNN upstream src/scripts/pokec_n/train_fairGCN.sh (harness/provenance/fairgnn_upstream),official-repo,"upstream configuration; the primary cell keeps utils/param.json; recorded, not applied: --acc/--roc, --epochs, --sens_number; --num-hidden 128 (the wrapper builds at 64)","6 splits (20-25) x 5 runs, seed = 27 + run, paired M0/M1","harness/core/evaluator.py, decision q > 0"
FairGNN,pokec_n_g,default,GCN,adversarial debiasing: a covariance constraint (alpha) and an adversary loss (beta) against a sensitive-attribute estimator,"alpha=0.0, beta=0.0","alpha=8, beta=0.01",H = 200,"sigma_c^BCE (primary), sigma_c^AUC (robustness), common evaluator, decision score>0",acc=0.3; alpha=8; beta=0.01; lr=0.001; num_hidden=128; weight_decay=0.0,feature_normalize=False,utils/param.json,local-unverified,"FairGNN's own repository configures nba, pokec_n and pokec_z only -- never german, bail or credit","6 splits (20-25) x 5 runs, seed = 27 + run, paired M0/M1","harness/core/evaluator.py, decision q > 0"
FairGNN,pokec_z,default,GCN,adversarial debiasing: a covariance constraint (alpha) and an adversary loss (beta) against a sensitive-attribute estimator,"alpha=0.0, beta=0.0","alpha=4, beta=0.01",H = 200,"sigma_c^BCE (primary), sigma_c^AUC (robustness), common evaluator, decision score>0",acc=0.3; alpha=4; beta=0.01; lr=0.001; num_hidden=128; weight_decay=0.0,feature_normalize=False,utils/param.json,local-unverified,"FairGNN's own repository configures nba, pokec_n and pokec_z only -- never german, bail or credit","6 splits (20-25) x 5 runs, seed = 27 + run, paired M0/M1","harness/core/evaluator.py, decision q > 0"
FairGNN,pokec_z,upstreamGAT,GAT,adversarial debiasing: a covariance constraint (alpha) and an adversary loss (beta) against a sensitive-attribute estimator,"alpha=0, beta=0","alpha=10, beta=0.01",H = 200,"sigma_c^BCE (primary), sigma_c^AUC (robustness), common evaluator, decision score>0","lr=0.001; weight_decay=1e-05; GAT_body: 1 layer, heads [1,1], hidden 64, feat_drop 0.5, attn_drop 0",feature_normalize=False,FairGNN upstream src/scripts/pokec_z/train_fairGAT.sh (harness/provenance/fairgnn_upstream),official-repo,"upstream configuration; the primary cell keeps utils/param.json; recorded, not applied: --acc/--roc, --epochs, --sens_number","6 splits (20-25) x 5 runs, seed = 27 + run, paired M0/M1","harness/core/evaluator.py, decision q > 0"
FairGNN,pokec_z,upstreamGCN,GCN,adversarial debiasing: a covariance constraint (alpha) and an adversary loss (beta) against a sensitive-attribute estimator,"alpha=0, beta=0","alpha=100, beta=1",H = 200,"sigma_c^BCE (primary), sigma_c^AUC (robustness), common evaluator, decision score>0",lr=0.001; weight_decay=1e-05,feature_normalize=False,FairGNN upstream src/scripts/pokec_z/train_fairGCN.sh (harness/provenance/fairgnn_upstream),official-repo,"upstream configuration; the primary cell keeps utils/param.json; recorded, not applied: --acc/--roc, --epochs, --sens_number; --num-hidden 128 (the wrapper builds at 64)","6 splits (20-25) x 5 runs, seed = 27 + run, paired M0/M1","harness/core/evaluator.py, decision q > 0"
FairGNN,pokec_z_g,default,GCN,adversarial debiasing: a covariance constraint (alpha) and an adversary loss (beta) against a sensitive-attribute estimator,"alpha=0.0, beta=0.0","alpha=4, beta=0.01",H = 200,"sigma_c^BCE (primary), sigma_c^AUC (robustness), common evaluator, decision score>0",acc=0.3; alpha=4; beta=0.01; lr=0.001; num_hidden=128; weight_decay=0.0,feature_normalize=False,utils/param.json,local-unverified,"FairGNN's own repository configures nba, pokec_n and pokec_z only -- never german, bail or credit","6 splits (20-25) x 5 runs, seed = 27 + run, paired M0/M1","harness/core/evaluator.py, decision q > 0"
FairSIN,bail,GCN,GCN,neutralisation x + delta*MLP(x) and the discriminator step,"delta=0, d='no'","delta=0.1, d='yes'",H = 200,"sigma_c^BCE (primary), sigma_c^AUC (robustness), common evaluator, decision score>0",hidden=18; c_lr=0.01; e_lr=0.01; c_wd=0.0; e_wd=0.0; d_lr=0.01; d_wd=0.0; c_epochs=10; d_epochs=5; m_epoch=20; dropout=0.5; alpha=1.0; prop=scatter; m_lr=0.1,german raw; others feature_norm with the sensitive column kept,"FairSIN-main/experiment.sh:65 (ablation block), script in-train.py",official-repo,primary backbone,"6 splits (20-25) x 5 runs, seed = 27 + run, paired M0/M1","harness/core/evaluator.py, decision q > 0"
FairSIN,bail,GIN,GIN,neutralisation x + delta*MLP(x) and the discriminator step,"delta=0, d='no'","delta=1.25, d='yes'",H = 200,"sigma_c^BCE (primary), sigma_c^AUC (robustness), common evaluator, decision score>0",hidden=54; c_lr=0.01; e_lr=0.01; c_wd=0.0; e_wd=0.0; d_lr=0.01; d_wd=0.0; c_epochs=10; d_epochs=5; m_epoch=20; dropout=0.5; alpha=1.0; prop=scatter; m_lr=0.1,german raw; others feature_norm with the sensitive column kept,"FairSIN-main/experiment.sh:87 (ablation block), script in-train.py",official-repo,"backbone variant, reported apart, never pooled","6 splits (20-25) x 5 runs, seed = 27 + run, paired M0/M1","harness/core/evaluator.py, decision q > 0"
FairSIN,bail,SAGE,SAGE,neutralisation x + delta*MLP(x) and the discriminator step,"delta=0, d='no'","delta=0.05, d='yes'",H = 200,"sigma_c^BCE (primary), sigma_c^AUC (robustness), common evaluator, decision score>0",hidden=36; c_lr=0.01; e_lr=0.01; c_wd=0.0; e_wd=0.0; d_lr=0.01; d_wd=0.0; c_epochs=10; d_epochs=5; m_epoch=10; dropout=0.8; alpha=1.0; prop=scatter; m_lr=0.1,german raw; others feature_norm with the sensitive column kept,"FairSIN-main/experiment.sh:109 (ablation block), script in-train.py",official-repo,"backbone variant, reported apart, never pooled","6 splits (20-25) x 5 runs, seed = 27 + run, paired M0/M1","harness/core/evaluator.py, decision q > 0"
FairSIN,credit,GCN,GCN,neutralisation x + delta*MLP(x) and the discriminator step,"delta=0, d='no'","delta=0.25, d='yes'",H = 200,"sigma_c^BCE (primary), sigma_c^AUC (robustness), common evaluator, decision score>0",hidden=13; c_lr=0.1; e_lr=0.1; c_wd=0.0; e_wd=0.0; d_lr=0.1; d_wd=0.0; c_epochs=10; d_epochs=5; m_epoch=10; dropout=0.5; alpha=1.0; prop=scatter,german raw; others feature_norm with the sensitive column kept,"FairSIN-main/experiment.sh:60 (ablation block), script train_mlp.py",official-repo,primary backbone,"6 splits (20-25) x 5 runs, seed = 27 + run, paired M0/M1","harness/core/evaluator.py, decision q > 0"
FairSIN,credit,GIN,GIN,neutralisation x + delta*MLP(x) and the discriminator step,"delta=0, d='no'","delta=0.25, d='yes'",H = 200,"sigma_c^BCE (primary), sigma_c^AUC (robustness), common evaluator, decision score>0",hidden=13; c_lr=0.1; e_lr=0.1; c_wd=0.0; e_wd=0.0; d_lr=0.1; d_wd=0.0; c_epochs=10; d_epochs=5; m_epoch=10; dropout=0.5; alpha=1.0; prop=scatter,german raw; others feature_norm with the sensitive column kept,"FairSIN-main/experiment.sh:82 (ablation block), script train_mlp.py",official-repo,"backbone variant, reported apart, never pooled","6 splits (20-25) x 5 runs, seed = 27 + run, paired M0/M1","harness/core/evaluator.py, decision q > 0"
FairSIN,credit,SAGE,SAGE,neutralisation x + delta*MLP(x) and the discriminator step,"delta=0, d='no'","delta=1.5, d='yes'",H = 200,"sigma_c^BCE (primary), sigma_c^AUC (robustness), common evaluator, decision score>0",hidden=18; c_lr=0.15; e_lr=0.15; c_wd=0.001; e_wd=0.001; d_lr=0.01; d_wd=0.0; c_epochs=10; d_epochs=5; m_epoch=10; dropout=0.2; alpha=1.0; prop=scatter; m_lr=0.1,german raw; others feature_norm with the sensitive column kept,"FairSIN-main/experiment.sh:104 (ablation block), script in-train.py",official-repo,"backbone variant, reported apart, never pooled","6 splits (20-25) x 5 runs, seed = 27 + run, paired M0/M1","harness/core/evaluator.py, decision q > 0"
FairSIN,german,GCN,GCN,neutralisation x + delta*MLP(x) and the discriminator step,"delta=0, d='no'","delta=0.1, d='yes'",H = 200,"sigma_c^BCE (primary), sigma_c^AUC (robustness), common evaluator, decision score>0",hidden=18; c_lr=0.1; e_lr=0.1; c_wd=0.0; e_wd=0.0; d_lr=0.01; d_wd=0.0; c_epochs=10; d_epochs=5; m_epoch=20; dropout=0.5; alpha=1.0; prop=scatter; m_lr=0.1,german raw; others feature_norm with the sensitive column kept,"FairSIN-main/experiment.sh:55 (ablation block), script in-train.py",official-repo,primary backbone,"6 splits (20-25) x 5 runs, seed = 27 + run, paired M0/M1","harness/core/evaluator.py, decision q > 0"
FairSIN,german,GIN,GIN,neutralisation x + delta*MLP(x) and the discriminator step,"delta=0, d='no'","delta=0.5, d='yes'",H = 200,"sigma_c^BCE (primary), sigma_c^AUC (robustness), common evaluator, decision score>0",hidden=54; c_lr=0.01; e_lr=0.01; c_wd=0.0; e_wd=0.0; d_lr=0.01; d_wd=0.0; c_epochs=10; d_epochs=5; m_epoch=20; dropout=0.5; alpha=2.0; prop=scatter; m_lr=0.1,german raw; others feature_norm with the sensitive column kept,"FairSIN-main/experiment.sh:77 (ablation block), script in-train.py",official-repo,"backbone variant, reported apart, never pooled","6 splits (20-25) x 5 runs, seed = 27 + run, paired M0/M1","harness/core/evaluator.py, decision q > 0"
FairSIN,german,SAGE,SAGE,neutralisation x + delta*MLP(x) and the discriminator step,"delta=0, d='no'","delta=1.0, d='yes'",H = 200,"sigma_c^BCE (primary), sigma_c^AUC (robustness), common evaluator, decision score>0",hidden=36; c_lr=0.01; e_lr=0.01; c_wd=0.0; e_wd=0.0; d_lr=0.01; d_wd=0.0; c_epochs=10; d_epochs=5; m_epoch=10; dropout=0.0; alpha=1.0; prop=scatter; m_lr=0.1,german raw; others feature_norm with the sensitive column kept,"FairSIN-main/experiment.sh:99 (ablation block), script in-train.py",official-repo,"backbone variant, reported apart, never pooled","6 splits (20-25) x 5 runs, seed = 27 + run, paired M0/M1","harness/core/evaluator.py, decision q > 0"
FairSIN,pokec_n,GCN,GCN,neutralisation x + delta*MLP(x),"delta=0, d='no'","delta=1.0, d='no'",H = 200,"sigma_c^BCE (primary), sigma_c^AUC (robustness), common evaluator, decision score>0",hidden=18; c_lr=0.1; e_lr=0.01; c_wd=0.0; e_wd=0.0; d_lr=0.01; d_wd=0.0; c_epochs=10; d_epochs=5; m_epoch=20; dropout=0.5; alpha=1.0; prop=scatter; m_lr=0.1,german raw; others feature_norm with the sensitive column kept,"FairSIN-main/experiment.sh:68 (ablation block), script in-train.py",official-repo,primary backbone,"6 splits (20-25) x 5 runs, seed = 27 + run, paired M0/M1","harness/core/evaluator.py, decision q > 0"
FairSIN,pokec_n,GIN,GIN,neutralisation x + delta*MLP(x),"delta=0, d='no'","delta=1.0, d='no'",H = 200,"sigma_c^BCE (primary), sigma_c^AUC (robustness), common evaluator, decision score>0",hidden=18; c_lr=0.1; e_lr=0.01; c_wd=0.0; e_wd=0.0; d_lr=0.01; d_wd=0.0; c_epochs=10; d_epochs=5; m_epoch=20; dropout=0.5; alpha=1.0; prop=scatter; m_lr=0.1,german raw; others feature_norm with the sensitive column kept,"FairSIN-main/experiment.sh:90 (ablation block), script in-train.py",official-repo,"backbone variant, reported apart, never pooled","6 splits (20-25) x 5 runs, seed = 27 + run, paired M0/M1","harness/core/evaluator.py, decision q > 0"
FairSIN,pokec_n,SAGE,SAGE,neutralisation x + delta*MLP(x),"delta=0, d='no'","delta=1.0, d='no'",H = 200,"sigma_c^BCE (primary), sigma_c^AUC (robustness), common evaluator, decision score>0",hidden=18; c_lr=0.1; e_lr=0.01; c_wd=0.0; e_wd=0.0; d_lr=0.01; d_wd=0.0; c_epochs=10; d_epochs=5; m_epoch=20; dropout=0.5; alpha=1.0; prop=scatter; m_lr=0.1,german raw; others feature_norm with the sensitive column kept,"FairSIN-main/experiment.sh:113 (ablation block), script in-train.py",official-repo,"backbone variant, reported apart, never pooled","6 splits (20-25) x 5 runs, seed = 27 + run, paired M0/M1","harness/core/evaluator.py, decision q > 0"
FairSIN,pokec_z,GCN,GCN,neutralisation x + delta*MLP(x),"delta=0, d='no'","delta=1.0, d='no'",H = 200,"sigma_c^BCE (primary), sigma_c^AUC (robustness), common evaluator, decision score>0",hidden=18; c_lr=0.1; e_lr=0.01; c_wd=0.0; e_wd=0.0; d_lr=0.01; d_wd=0.0; c_epochs=10; d_epochs=5; m_epoch=20; dropout=0.5; alpha=1.0; prop=scatter; m_lr=0.1,german raw; others feature_norm with the sensitive column kept,"FairSIN-main/experiment.sh:71 (ablation block), script in-train.py",official-repo,primary backbone,"6 splits (20-25) x 5 runs, seed = 27 + run, paired M0/M1","harness/core/evaluator.py, decision q > 0"
FairSIN,pokec_z,GIN,GIN,neutralisation x + delta*MLP(x),"delta=0, d='no'","delta=1.0, d='no'",H = 200,"sigma_c^BCE (primary), sigma_c^AUC (robustness), common evaluator, decision score>0",hidden=18; c_lr=0.1; e_lr=0.01; c_wd=0.0; e_wd=0.0; d_lr=0.01; d_wd=0.0; c_epochs=10; d_epochs=5; m_epoch=20; dropout=0.5; alpha=1.0; prop=scatter; m_lr=0.1,german raw; others feature_norm with the sensitive column kept,"FairSIN-main/experiment.sh:93 (ablation block), script in-train.py",official-repo,"backbone variant, reported apart, never pooled","6 splits (20-25) x 5 runs, seed = 27 + run, paired M0/M1","harness/core/evaluator.py, decision q > 0"
FairSIN,pokec_z,SAGE,SAGE,neutralisation x + delta*MLP(x),"delta=0, d='no'","delta=1.0, d='no'",H = 200,"sigma_c^BCE (primary), sigma_c^AUC (robustness), common evaluator, decision score>0",hidden=18; c_lr=0.1; e_lr=0.01; c_wd=0.0; e_wd=0.0; d_lr=0.01; d_wd=0.0; c_epochs=10; d_epochs=5; m_epoch=20; dropout=0.5; alpha=1.0; prop=scatter; m_lr=0.1,german raw; others feature_norm with the sensitive column kept,"FairSIN-main/experiment.sh:116 (ablation block), script in-train.py",official-repo,"backbone variant, reported apart, never pooled","6 splits (20-25) x 5 runs, seed = 27 + run, paired M0/M1","harness/core/evaluator.py, decision q > 0"
FairVGNN,bail,GCNspmm,GCN,generative feature masking (f_mask) and weight clipping (weight_clip),"f_mask=no, weight_clip=no","f_mask=yes, weight_clip=yes",H = 200,"sigma_c^BCE (primary), sigma_c^AUC (robustness), common evaluator, decision score>0",encoder=GCN; clip_e=1; d_epochs=5; g_epochs=10; c_epochs=10; c_lr=0.01; e_lr=0.001; c_wd=0; e_wd=0; ratio=1; top_k=10; alpha=1; hidden=16; dropout=0.5; prop=spmm; K=10,feature_normalize=False,harness/provenance/fairvgnn_run_bail.sh (GCNspmm full row),official-repo,"configuration variant of the primary GCN row, reported apart","6 splits (20-25) x 5 runs, seed = 27 + run, paired M0/M1","harness/core/evaluator.py, decision q > 0"
FairVGNN,bail,SAGE,SAGE,generative feature masking (f_mask) and weight clipping (weight_clip),"f_mask=no, weight_clip=no","f_mask=yes, weight_clip=yes",H = 200,"sigma_c^BCE (primary), sigma_c^AUC (robustness), common evaluator, decision score>0",encoder=SAGE; clip_e=0.1; d_epochs=5; g_epochs=5; c_epochs=5; c_lr=0.01; e_lr=0.001; c_wd=0; e_wd=0; ratio=1; top_k=10; alpha=1; hidden=16; dropout=0.5; prop=scatter; K=10,feature_normalize=False,harness/provenance/fairvgnn_run_bail.sh (SAGE full row),official-repo,"configuration variant of the primary GCN row, reported apart","6 splits (20-25) x 5 runs, seed = 27 + run, paired M0/M1","harness/core/evaluator.py, decision q > 0"
FairVGNN,bail,default,GCN,generative feature masking (f_mask) and weight clipping (weight_clip),"f_mask=no, weight_clip=no","top_k=10, alpha=1, clip_e=1, ratio=1",H = 200,"sigma_c^BCE (primary), sigma_c^AUC (robustness), common evaluator, decision score>0",K=10; alpha=1; c_epochs=10; c_lr=0.01; c_wd=0; clip_e=1; d_epochs=5; dropout=0.5; e_lr=0.001; e_wd=0; g_epochs=10; hidden=16; prop=scatter; ratio=1; top_k=10,feature_normalize=False,harness/provenance/fairvgnn_run_bail.sh,official-repo,"official ablation retunes c_lr:0.01->0.001, epochs:300->200, g_epochs:10->5; official-repo-default (the authors' script runs this dataset but leaves these at fairvgnn.py's parser default): K, alpha, c_wd, dropout, e_wd, hidden, prop, top_k; param.json disagrees (top_k/alpha [5, 1] vs official 10/1)","6 splits (20-25) x 5 runs, seed = 27 + run, paired M0/M1","harness/core/evaluator.py, decision q > 0"
FairVGNN,credit,GIN,GIN,generative feature masking (f_mask) and weight clipping (weight_clip),"f_mask=no, weight_clip=no","f_mask=yes, weight_clip=yes",H = 200,"sigma_c^BCE (primary), sigma_c^AUC (robustness), common evaluator, decision score>0",encoder=GIN; clip_e=0.01; d_epochs=10; g_epochs=10; c_epochs=5; c_lr=0.01; e_lr=0.01; c_wd=0; e_wd=0; ratio=1; top_k=10; alpha=1; hidden=16; dropout=0.5; prop=scatter; K=10,feature_normalize=False,harness/provenance/fairvgnn_run_credit.sh (GIN full row),official-repo,"configuration variant of the primary GCN row, reported apart","6 splits (20-25) x 5 runs, seed = 27 + run, paired M0/M1","harness/core/evaluator.py, decision q > 0"
FairVGNN,credit,SAGE,SAGE,generative feature masking (f_mask) and weight clipping (weight_clip),"f_mask=no, weight_clip=no","f_mask=yes, weight_clip=yes",H = 200,"sigma_c^BCE (primary), sigma_c^AUC (robustness), common evaluator, decision score>0",encoder=SAGE; clip_e=0.1; d_epochs=5; g_epochs=5; c_epochs=5; c_lr=0.01; e_lr=0.001; c_wd=0; e_wd=0; ratio=0; top_k=10; alpha=1; hidden=16; dropout=0.5; prop=scatter; K=10,feature_normalize=False,harness/provenance/fairvgnn_run_credit.sh (SAGE full row),official-repo,"configuration variant of the primary GCN row, reported apart","6 splits (20-25) x 5 runs, seed = 27 + run, paired M0/M1","harness/core/evaluator.py, decision q > 0"
FairVGNN,credit,default,GCN,generative feature masking (f_mask) and weight clipping (weight_clip),"f_mask=no, weight_clip=no","top_k=10, alpha=1, clip_e=1, ratio=0",H = 200,"sigma_c^BCE (primary), sigma_c^AUC (robustness), common evaluator, decision score>0",K=10; alpha=1; c_epochs=5; c_lr=0.01; c_wd=0; clip_e=1; d_epochs=5; dropout=0.5; e_lr=0.01; e_wd=0; g_epochs=10; hidden=16; prop=scatter; ratio=0; top_k=10,feature_normalize=False,harness/provenance/fairvgnn_run_credit.sh,official-repo,"official ablation retunes g_epochs:10->5, ratio:0->1; official-repo-default (the authors' script runs this dataset but leaves these at fairvgnn.py's parser default): K, alpha, c_wd, dropout, e_wd, hidden, prop, top_k; param.json disagrees (top_k/alpha [5, 0.5] vs official 10/1)","6 splits (20-25) x 5 runs, seed = 27 + run, paired M0/M1","harness/core/evaluator.py, decision q > 0"
FairVGNN,german,GCNspmm,GCN,generative feature masking (f_mask) and weight clipping (weight_clip),"f_mask=no, weight_clip=no","f_mask=yes, weight_clip=yes",H = 200,"sigma_c^BCE (primary), sigma_c^AUC (robustness), common evaluator, decision score>0",encoder=GCN; clip_e=0.1; d_epochs=5; g_epochs=5; c_epochs=5; c_lr=0.01; e_lr=0.001; c_wd=0; e_wd=0; ratio=0.5; top_k=10; alpha=1; hidden=16; dropout=0.5; prop=spmm; K=10,feature_normalize=True,harness/provenance/fairvgnn_run_german.sh (GCNspmm full row),official-repo,"configuration variant of the primary GCN row, reported apart","6 splits (20-25) x 5 runs, seed = 27 + run, paired M0/M1","harness/core/evaluator.py, decision q > 0"
FairVGNN,german,GIN,GIN,generative feature masking (f_mask) and weight clipping (weight_clip),"f_mask=no, weight_clip=no","f_mask=yes, weight_clip=yes",H = 200,"sigma_c^BCE (primary), sigma_c^AUC (robustness), common evaluator, decision score>0",encoder=GIN; clip_e=1; d_epochs=10; g_epochs=5; c_epochs=10; c_lr=0.01; e_lr=0.01; c_wd=0; e_wd=0; ratio=1; top_k=10; alpha=1; hidden=16; dropout=0.5; prop=scatter; K=10,feature_normalize=True,harness/provenance/fairvgnn_run_german.sh (GIN full row),official-repo,"configuration variant of the primary GCN row, reported apart","6 splits (20-25) x 5 runs, seed = 27 + run, paired M0/M1","harness/core/evaluator.py, decision q > 0"
FairVGNN,german,SAGE,SAGE,generative feature masking (f_mask) and weight clipping (weight_clip),"f_mask=no, weight_clip=no","f_mask=yes, weight_clip=yes",H = 200,"sigma_c^BCE (primary), sigma_c^AUC (robustness), common evaluator, decision score>0",encoder=SAGE; clip_e=0.1; d_epochs=5; g_epochs=10; c_epochs=10; c_lr=0.001; e_lr=0.001; c_wd=0; e_wd=0; ratio=0.5; top_k=10; alpha=1; hidden=16; dropout=0.5; prop=scatter; K=10,feature_normalize=True,harness/provenance/fairvgnn_run_german.sh (SAGE full row),official-repo,"configuration variant of the primary GCN row, reported apart","6 splits (20-25) x 5 runs, seed = 27 + run, paired M0/M1","harness/core/evaluator.py, decision q > 0"
FairVGNN,german,default,GCN,generative feature masking (f_mask) and weight clipping (weight_clip),"f_mask=no, weight_clip=no","top_k=10, alpha=1, clip_e=0.1, ratio=0",H = 200,"sigma_c^BCE (primary), sigma_c^AUC (robustness), common evaluator, decision score>0",K=10; alpha=1; c_epochs=10; c_lr=0.01; c_wd=0; clip_e=0.1; d_epochs=5; dropout=0.5; e_lr=0.001; e_wd=0; g_epochs=5; hidden=16; prop=scatter; ratio=0; top_k=10,feature_normalize=True,harness/provenance/fairvgnn_run_german.sh,official-repo,"official ablation retunes clip_e:0.1->1, e_lr:0.001->0.01, ratio:0->1; official-repo-default (the authors' script runs this dataset but leaves these at fairvgnn.py's parser default): K, alpha, c_wd, dropout, e_wd, hidden, prop, top_k, epochs; param.json disagrees (top_k/alpha [5, 0.5] vs official 10/1)","6 splits (20-25) x 5 runs, seed = 27 + run, paired M0/M1","harness/core/evaluator.py, decision q > 0"
FnRGNN,german,default,GCN,"edge reweighting by feature similarity and sensitive difference, MMD representation alignment and GWN prediction normalisation","all three False (same GCN, unit edge weights)","use_edge_weight, use_mmd, use_gwn = True",H = 200,"sigma_c^BCE (primary), sigma_c^AUC (robustness), common evaluator, decision score>0",hidden_dim=64; dropout=0.547782; lambda2=1.67172; gamma=3.07383; lambda_dist=0.449911; lr=0.00342853; weight_decay=3.03456e-05; mmd_sample=500,StandardScaler over all nodes' features (FnRGNN loader); degree-0 nodes kept,FnRGNN-master/logs/best_configs/german_g_best_joint.json,official-repo class and configuration; harness-completed loop,"released for node regression: MSE replaced by BCE, losses restricted to training nodes, mmd_sample and H set by the harness; configuration tuned for a regression target; reported apart, never counted as primary","6 splits (20-25) x 5 runs, seed = 27 + run, paired M0/M1","harness/core/evaluator.py, decision q > 0"
FnRGNN,german,regression (released task),GCN,"edge reweighting by feature similarity and sensitive difference, MMD representation alignment and GWN prediction normalisation","all three False (same GCN, unit edge weights)","use_edge_weight, use_mmd, use_gwn = True",H = 200,"smallest validation MSE (strict <, earliest tie)",hidden_dim=64; dropout=0.547782; lambda2=1.67172; gamma=3.07383; lambda_dist=0.449911; lr=0.00342853; weight_decay=3.03456e-05; mmd_sample=500; loss MSE (released),"target = LoanAmount, removed from the features and standardised with the training nodes' statistics; features StandardScaler (FnRGNN loader); B: the common GCN at published('GNN', ds) trained with MSE",FnRGNN-master/logs/best_configs/german_g_best_joint.json,official-repo class and configuration; harness-completed loop,"released task kept (node regression); training loop completed by the harness (training-node mask, mmd_sample, H, selection); regression metrics, not comparable with the classification sections","6 splits (20-25) x 5 runs, seed = 27 + run, paired M0/M1","harness/core/evaluator.py, decision q > 0"
FnRGNN,pokec_n,default,GCN,"edge reweighting by feature similarity and sensitive difference, MMD representation alignment and GWN prediction normalisation","all three False (same GCN, unit edge weights)","use_edge_weight, use_mmd, use_gwn = True",H = 200,"sigma_c^BCE (primary), sigma_c^AUC (robustness), common evaluator, decision score>0",hidden_dim=32; dropout=0.207601; lambda2=3.20098; gamma=1.51892; lambda_dist=0.576156; lr=0.00291844; weight_decay=0.000152009; mmd_sample=500,StandardScaler over all nodes' features (FnRGNN loader); degree-0 nodes kept,FnRGNN-master/logs/best_configs/region_job_2_r_best_joint.json,official-repo class and configuration; harness-completed loop,"released for node regression: MSE replaced by BCE, losses restricted to training nodes, mmd_sample and H set by the harness; configuration tuned for a regression target; reported apart, never counted as primary","6 splits (20-25) x 5 runs, seed = 27 + run, paired M0/M1","harness/core/evaluator.py, decision q > 0"
FnRGNN,pokec_n,regression (released task),GCN,"edge reweighting by feature similarity and sensitive difference, MMD representation alignment and GWN prediction normalisation","all three False (same GCN, unit edge weights)","use_edge_weight, use_mmd, use_gwn = True",H = 200,"smallest validation MSE (strict <, earliest tie)",hidden_dim=32; dropout=0.207601; lambda2=3.20098; gamma=1.51892; lambda_dist=0.576156; lr=0.00291844; weight_decay=0.000152009; mmd_sample=500; loss MSE (released),"target = completion_percentage, removed from the features and standardised with the training nodes' statistics; features StandardScaler (FnRGNN loader); B: the common GCN at published('GNN', ds) trained with MSE",FnRGNN-master/logs/best_configs/region_job_2_r_best_joint.json,official-repo class and configuration; harness-completed loop,"released task kept (node regression); training loop completed by the harness (training-node mask, mmd_sample, H, selection); regression metrics, not comparable with the classification sections","6 splits (20-25) x 5 runs, seed = 27 + run, paired M0/M1","harness/core/evaluator.py, decision q > 0"
FnRGNN,pokec_z,default,GCN,"edge reweighting by feature similarity and sensitive difference, MMD representation alignment and GWN prediction normalisation","all three False (same GCN, unit edge weights)","use_edge_weight, use_mmd, use_gwn = True",H = 200,"sigma_c^BCE (primary), sigma_c^AUC (robustness), common evaluator, decision score>0",hidden_dim=64; dropout=0.298272; lambda2=4.80138; gamma=3.13416; lambda_dist=2.21748; lr=0.00833019; weight_decay=3.24845e-05; mmd_sample=500,StandardScaler over all nodes' features (FnRGNN loader); degree-0 nodes kept,FnRGNN-master/logs/best_configs/region_job_r_best_joint.json,official-repo class and configuration; harness-completed loop,"released for node regression: MSE replaced by BCE, losses restricted to training nodes, mmd_sample and H set by the harness; configuration tuned for a regression target; reported apart, never counted as primary","6 splits (20-25) x 5 runs, seed = 27 + run, paired M0/M1","harness/core/evaluator.py, decision q > 0"
FnRGNN,pokec_z,regression (released task),GCN,"edge reweighting by feature similarity and sensitive difference, MMD representation alignment and GWN prediction normalisation","all three False (same GCN, unit edge weights)","use_edge_weight, use_mmd, use_gwn = True",H = 200,"smallest validation MSE (strict <, earliest tie)",hidden_dim=64; dropout=0.298272; lambda2=4.80138; gamma=3.13416; lambda_dist=2.21748; lr=0.00833019; weight_decay=3.24845e-05; mmd_sample=500; loss MSE (released),"target = completion_percentage, removed from the features and standardised with the training nodes' statistics; features StandardScaler (FnRGNN loader); B: the common GCN at published('GNN', ds) trained with MSE",FnRGNN-master/logs/best_configs/region_job_r_best_joint.json,official-repo class and configuration; harness-completed loop,"released task kept (node regression); training loop completed by the harness (training-node mask, mmd_sample, H, selection); regression metrics, not comparable with the classification sections","6 splits (20-25) x 5 runs, seed = 27 + run, paired M0/M1","harness/core/evaluator.py, decision q > 0"
GEAR,bail,default,SAGE,counterfactual-consistency (similarity) objective,sim_coeff=0,sim_coeff=0.6,H = 200 mini-batch steps,"sigma_c^BCE (primary), sigma_c^AUC (robustness), common evaluator, decision score>0",lr=0.001; weight_decay=1e-05; hidden_size=1024; proj_hidden=16; dropout=0.5; batch_size=100; subgraph_size=30; n_order=10,GEAR feature_norm with the sensitive column kept; PPR subgraphs,"GEAR-main/src/main.py parser defaults, --dataset bail",official-repo (released aug assets),"released counterfactual assets are sensitive-attribute flips on the unchanged graph, not CFGT outputs","6 splits (20-25) x 5 runs, seed = 27 + run, paired M0/M1","harness/core/evaluator.py, decision q > 0"
NIFTY,bail,default,GCN,counterfactual-and-noise invariance objective (sim_coeff) on a Lipschitz-constrained encoder,sim_coeff=0.0,repository configuration,H = 200,"sigma_c^BCE (primary), sigma_c^AUC (robustness), common evaluator, decision score>0",lr=0.001; num_hidden=8; num_proj_hidden=4; weight_decay=1e-05,feature_normalize=False,utils/param.json,local-unverified,NIFTY's repository states german only; this dataset has no command in any artifact,"6 splits (20-25) x 5 runs, seed = 27 + run, paired M0/M1","harness/core/evaluator.py, decision q > 0"
NIFTY,credit,default,GCN,counterfactual-and-noise invariance objective (sim_coeff) on a Lipschitz-constrained encoder,sim_coeff=0.0,repository configuration,H = 200,"sigma_c^BCE (primary), sigma_c^AUC (robustness), common evaluator, decision score>0",lr=0.001; num_hidden=8; num_proj_hidden=8; weight_decay=1e-05,feature_normalize=False,utils/param.json,local-unverified,NIFTY's repository states german only; this dataset has no command in any artifact,"6 splits (20-25) x 5 runs, seed = 27 + run, paired M0/M1","harness/core/evaluator.py, decision q > 0"
NIFTY,german,default,GCN,counterfactual-and-noise invariance objective (sim_coeff) on a Lipschitz-constrained encoder,sim_coeff=0.0,sim_coeff=0.6,H = 200,"sigma_c^BCE (primary), sigma_c^AUC (robustness), common evaluator, decision score>0",lr=0.001; num_hidden=16; num_proj_hidden=16; sim_coeff=0.6; weight_decay=1e-05,feature_normalize=False,harness/provenance/nifty_README.md,official-repo,,"6 splits (20-25) x 5 runs, seed = 27 + run, paired M0/M1","harness/core/evaluator.py, decision q > 0"
SFG,bail,default,SAGE,Lipschitz constraint on the encoder (rho) with the stronger chi-square DRO generator loss,"no constraint, loss_alpha=1 (the authors' FairVGNN row)","with_constraint, rho=2.0, loss_alpha=0.5",H = 200,"sigma_c^BCE (primary), sigma_c^AUC (robustness), common evaluator, decision score>0",hidden=16; c_lr=0.01; e_lr=0.001; c_wd=0.0; e_wd=0.0; top_k=10; clip_e=0.1; ratio=1.0; d_epochs=5; g_epochs=10; c_epochs=5; K=10; dropout=0.5,german raw; others normalised with the sensitive column kept,"SFG-main/run.sh ablation ladder, script sfg.py",official-repo,,"6 splits (20-25) x 5 runs, seed = 27 + run, paired M0/M1","harness/core/evaluator.py, decision q > 0"
SFG,credit,default,SAGE,Lipschitz constraint on the encoder (rho) with the stronger chi-square DRO generator loss,"no constraint, loss_alpha=1 (the authors' FairVGNN row)","with_constraint, rho=2.0, loss_alpha=0.5",H = 200,"sigma_c^BCE (primary), sigma_c^AUC (robustness), common evaluator, decision score>0",hidden=16; c_lr=0.01; e_lr=0.001; c_wd=0.0; e_wd=0.0; top_k=10; clip_e=0.1; ratio=0.0; d_epochs=5; g_epochs=5; c_epochs=10; K=10; dropout=0.5,german raw; others normalised with the sensitive column kept,"SFG-main/run.sh ablation ladder, script sfg_credit.py",official-repo,,"6 splits (20-25) x 5 runs, seed = 27 + run, paired M0/M1","harness/core/evaluator.py, decision q > 0"
SFG,german,default,SAGE,Lipschitz constraint on the encoder (rho) with the stronger chi-square DRO generator loss,"no constraint, loss_alpha=1 (the authors' FairVGNN row)","with_constraint, rho=2.0, loss_alpha=0.5",H = 200,"sigma_c^BCE (primary), sigma_c^AUC (robustness), common evaluator, decision score>0",hidden=16; c_lr=0.001; e_lr=0.01; c_wd=0.0; e_wd=0.0; top_k=10; clip_e=0.1; ratio=0.5; d_epochs=5; g_epochs=10; c_epochs=10; K=10; dropout=0.5,german raw; others normalised with the sensitive column kept,"SFG-main/run.sh ablation ladder, script sfg.py",official-repo,,"6 splits (20-25) x 5 runs, seed = 27 + run, paired M0/M1","harness/core/evaluator.py, decision q > 0"
