method,backbone,dataset,configuration,n_units,tau_pkg_dAUC_mean,tau_pkg_dAUC_lo,tau_pkg_dAUC_hi,tau_nonint_dAUC_mean,tau_nonint_dAUC_lo,tau_nonint_dAUC_hi,tau_I_dAUC_mean,tau_I_dAUC_lo,tau_I_dAUC_hi,tau_I_dAUC_sign_stability,tau_I_dAUC_resolved,tau_pkg_negDP_mean,tau_pkg_negDP_lo,tau_pkg_negDP_hi,tau_nonint_negDP_mean,tau_nonint_negDP_lo,tau_nonint_negDP_hi,tau_I_negDP_mean,tau_I_negDP_lo,tau_I_negDP_hi,tau_I_negDP_sign_stability,tau_I_negDP_resolved,tau_pkg_negEO_mean,tau_pkg_negEO_lo,tau_pkg_negEO_hi,tau_nonint_negEO_mean,tau_nonint_negEO_lo,tau_nonint_negEO_hi,tau_I_negEO_mean,tau_I_negEO_lo,tau_I_negEO_hi,tau_I_negEO_sign_stability,tau_I_negEO_resolved,nonint_larger_dAUC,nonint_larger_negDP,nonint_larger_negEO,caveat
BIND,GCN,bail,1pct,30,0.10564714179010813,0.05751562206638342,0.15453972950715744,0.10490353375801899,0.05678667685588241,0.15361540479381008,0.0007436080320891528,-0.0017406709716852676,0.003803196274128358,0.6333333333333333,False,-0.04002118451322827,-0.055636361250182516,-0.023417395284579458,-0.040572492113581826,-0.05711858166654308,-0.022573704603697474,0.0005513076003535531,-0.002150186124113708,0.0030923247867115423,0.6333333333333333,False,-0.021569147629462233,-0.037818920665776794,-0.003525984820442691,-0.02089705897021762,-0.03807638945728003,-0.002737344029698054,-0.0006720886592446126,-0.006770891044431968,0.00624342972207324,0.5333333333333333,False,True,True,True,the published 1% / 10% budgets are applied as fractions of the training set; on bail (|train| = 100) that is 1 and 10 deleted nodes; no native cell: the published influence estimator reads test labels; the controlled cells use the same estimator with its fairness cost on validation nodes
BIND,GCN,income,1pct,30,0.12646274798818932,0.11651515920104982,0.13551596686384038,0.12686165683372164,0.11742072836004955,0.1356816537393433,-0.00039890884553231973,-0.0016035321957631867,0.0006843389777140416,0.5,False,-0.022670817963689957,-0.05041309244210389,0.014400676672337081,-0.06500919995440889,-0.09101439927202509,-0.03004522930730013,0.04233838199071894,0.035540510733260734,0.048781209761123455,1.0,True,-0.039464385077264255,-0.08408672061578881,0.008465921886938526,-0.09373404758299758,-0.13583693177495126,-0.04969512606312919,0.05426966250573333,0.03591469904803848,0.07041229365763467,0.9666666666666667,True,True,True,True,the published 1% / 10% budgets are applied as fractions of the training set; on income (|train| = 4605) that is 46 and 461 deleted nodes; no native cell: the published influence estimator reads test labels; the controlled cells use the same estimator with its fairness cost on validation nodes
BeMap,GCN,bail,default,30,-0.02850819410133885,-0.10730453408301266,0.0430231390124834,0.11075659311197027,0.06377314806843029,0.15903904230747054,-0.13926478721330915,-0.20755379423766274,-0.0914483663709581,1.0,True,0.0020373567677433933,-0.022593052925365533,0.024536097634774334,-0.057615827234166334,-0.07207560985553665,-0.043582594141358795,0.059653184001909734,0.041908943965722735,0.074071556131283,1.0,True,-0.00776878411356825,-0.02329558805535516,0.007321317497845994,-0.03207150156322622,-0.04798217761736412,-0.01630945301695485,0.024302717449657976,0.015530477798005505,0.03631378455986772,1.0,True,False,False,True,no native cell: the official training loop selects on the test split
BeMap,GCN,credit,default,30,-0.006450760641563761,-0.017616888870107067,0.002504059978761391,0.02932952461308321,0.022334644861999497,0.03612016001220749,-0.035780285254646965,-0.04396534631123059,-0.030817114444644314,1.0,True,0.05196338518423558,0.019647276343624554,0.08353937027785885,0.029466001491715074,-0.0015782593760118883,0.05690880695562199,0.0224973836925205,-0.019565803307296438,0.06667254946249536,0.7,False,0.04208116752624429,0.005578052757197959,0.07682204951286481,0.025861628023879642,-0.007676878845065479,0.05587678288474291,0.01621953950236466,-0.029282037753941902,0.063426693881549,0.7,False,False,True,True,no native cell: the official training loop selects on the test split
BeMap,GCN,pokec_z,default,30,0.038056275853508556,0.027964058474204943,0.04716858932582954,0.05313276479958592,0.04650175244577225,0.06018625542154001,-0.01507648894607736,-0.023918062716253637,-0.00742793022503243,0.9666666666666667,True,-0.09102225449039043,-0.15156595041199372,-0.03217401422013681,-0.024244404967868317,-0.05506884821557531,0.005405481646392879,-0.06677784952252212,-0.1438367754066933,0.007416828385447914,0.7,False,-0.055159368649084335,-0.09438093279763461,-0.019072165895083516,-0.015429458659064928,-0.0443936829491279,0.009893373685510494,-0.0397299099900194,-0.09708578505673592,0.013763942637296744,0.5333333333333333,False,True,False,False,no native cell: the official training loop selects on the test split
EDITS,GCN,bail,default,30,0.0918943727111413,0.011188302615178902,0.16395378566958896,0.13045787568914483,0.08395962970488327,0.1781146823588369,-0.03856350297800349,-0.09884804497412804,0.010347566443864831,0.5,False,-0.028256802565309314,-0.04377917619812191,-0.010287661621002005,-0.035558972817273354,-0.046044659693722144,-0.024717383493285037,0.007302170251964043,-0.0032920629248429406,0.019948707015116973,0.6,False,-0.003941051706994047,-0.013282173716203929,0.005166196299014953,-0.00901377994930151,-0.018745464884719492,0.0001630602770765893,0.005072728242307465,-0.0010116772913302606,0.01166504290361018,0.6666666666666666,False,True,True,True,the wrapper's parameter routing was repaired from its own stored values so the structural half of the intervention is active; no native cell: the repository carries no official configuration
EDITS,GCN,credit,default,30,-0.0017932532450161095,-0.012916648005237744,0.01071314366923319,0.01121412047894205,0.005116129771336095,0.01799757956966711,-0.01300737372395816,-0.020472563150189565,-0.0043690518415184275,0.8,True,-0.0570582381248949,-0.19392316565744258,0.0747242569433299,-0.2662824376572352,-0.29853298286332,-0.23365346294238698,0.20922419953234034,0.07555197685846207,0.3396007745643521,0.8666666666666667,True,-0.09377890710668309,-0.2336964674551781,0.036944194954665895,-0.3266905180392616,-0.36154491136237776,-0.29171219113710156,0.23291161093257853,0.09730465057100603,0.3628585679359377,0.9,True,False,True,True,the wrapper's parameter routing was repaired from its own stored values so the structural half of the intervention is active; no native cell: the repository carries no official configuration
EDITS,GCN,german,default,30,-0.04020825396825396,-0.07159336507936508,-0.005770730158730158,-0.011301587301587309,-0.03464126984126984,0.016118126984126985,-0.02890666666666665,-0.06377428571428571,0.006294349206349216,0.8333333333333334,False,0.2353272012090533,0.07738039399969857,0.3865751881107758,-0.04065079764532158,-0.12162059150767804,0.032095348083323746,0.27597799885437485,0.11787445476602916,0.3992037523747005,0.8666666666666667,True,0.16079556867664324,0.02922274644491366,0.27891313034522325,-0.06034139107179516,-0.14069887842164053,0.020133333333333288,0.2211369597484384,0.08744079142768219,0.33807121005982177,0.8666666666666667,True,False,False,False,the wrapper's parameter routing was repaired from its own stored values so the structural half of the intervention is active; no native cell: the repository carries no official configuration
FairEdit,GCN,bail,default,30,0.12013515171644631,0.07339770014981856,0.16732058877812567,0.12014105721419686,0.07341157583743275,0.16732176302194143,-5.905497750561631e-06,-2.2146892050073916e-05,7.621344586153281e-06,0.6333333333333333,False,-0.040216134374498363,-0.055019029989055404,-0.024920937098463464,-0.04026010104513955,-0.05502863363845651,-0.025016852896881936,4.3966670641187405e-05,-9.876384778741604e-05,0.000191049577193594,0.7,False,-0.013258263607516066,-0.023367338288191562,-0.0032276603059348823,-0.013293678118184925,-0.02340142590971115,-0.0033014243777476793,3.541451066885656e-05,-0.00010491383910857718,0.00020829003513407954,0.6666666666666666,False,True,True,True,"the repository default deletes 10 undirected edges per run (20 of 642,616 directed entries); the edge-addition branch is disabled (add=False), so a near-zero estimate reflects the size of the intervention; no native cell: the repository carries no official configuration"
FairEdit,GCN,credit,default,30,-0.019400416371738692,-0.06516694651930294,0.00843886551996398,-0.019399905547370328,-0.06516636221018327,0.008439657340733648,-5.108243683660252e-07,-1.1592445261797887e-06,7.05178420750315e-08,0.5666666666666667,False,0.07668029531546282,0.04810451789841681,0.10669590057979594,0.07668029531546282,0.04810451789841681,0.10669590057979594,0.0,0.0,0.0,0.0,False,0.07389947480614834,0.0452947023891648,0.1038319963081182,0.07389947480614834,0.0452947023891648,0.1038319963081182,0.0,0.0,0.0,0.0,False,True,True,True,"the repository default deletes 10 undirected edges per run (20 of 2,873,716 directed entries); the edge-addition branch is disabled (add=False), so a near-zero estimate reflects the size of the intervention; no native cell: the repository carries no official configuration"
FairEdit,GCN,german,default,30,-0.109224126984127,-0.17926911111111107,-0.040027936507936526,-0.10936888888888892,-0.17934419047619046,-0.040184888888888895,0.00014476190476189754,-2.539682539689179e-06,0.0003352380952380904,0.5652173913043478,False,0.06561650943094587,-0.0848457915403653,0.21005715759105986,0.06506526098555718,-0.08547573196764499,0.20986863315854568,0.0005512484453886617,-0.001849652566944595,0.0024935731288621464,0.8,False,0.02117544644335276,-0.12768421012849585,0.16759720816385057,0.021169196443352776,-0.1283140885435143,0.16777956083497228,6.249999999996536e-06,-0.003163076241134762,0.002394326241134744,0.6666666666666666,False,True,True,True,"the repository default deletes 10 undirected edges per run (20 of 44,484 directed entries); the edge-addition branch is disabled (add=False), so a near-zero estimate reflects the size of the intervention; no native cell: the repository carries no official configuration"
FairGB,SAGE,bail,default,30,0.14153743128959742,0.09494007984475297,0.18842806188578998,0.12207134185663748,0.07389522908803303,0.17002729714296355,0.019466089432959945,0.007167647945473477,0.030928270188511645,0.8333333333333334,True,-0.0909159288841079,-0.14476301164009323,-0.03317953306923595,-0.03123745006104372,-0.07121178242676336,0.004245368375179263,-0.05967847882306418,-0.10817409598374039,-0.015625214406395388,0.7333333333333333,False,-0.09913394721097114,-0.14611061075175147,-0.052250809286854,-0.033692835799144526,-0.07592443665396019,-0.0038869371066287263,-0.0654411114118266,-0.11163691233885026,-0.02299047928928465,0.7666666666666667,True,True,False,False,
FairGB,SAGE,credit,default,30,0.02303858492087056,0.0165601523040914,0.029413492658593856,0.030627054627626757,0.024711289548770783,0.03693072188736567,-0.007588469706756196,-0.010726658327673853,-0.004264721812100767,0.8333333333333334,False,0.06256624246618071,0.027025970298277382,0.0965819570463869,0.048626035085297184,0.017405883279917704,0.08072911842812501,0.013940207380883534,-0.01763191382186305,0.05015046665479856,0.5666666666666667,False,0.05657136291697993,0.02203787152073603,0.08932190031694788,0.04866748245919192,0.0161119711113016,0.08122254894912341,0.007903880457788002,-0.022386498320567428,0.042296982279308386,0.5666666666666667,False,True,True,True,
FairGB,SAGE,german,default,30,-0.014222222222222226,-0.05548190476190475,0.018929079365079347,-0.04617142857142856,-0.08167190476190477,-0.013670507936507932,0.03194920634920633,0.009963047619047576,0.05693485714285712,0.7586206896551724,True,0.026308550664711373,-0.1019258933363583,0.139812645383915,0.05357003812014073,-0.07554836421995509,0.17491383589315246,-0.027261487455429348,-0.09533111009212276,0.031636204658468725,0.5517241379310345,False,0.011939027508166401,-0.12109933506736027,0.1264066666666666,0.028406259873925935,-0.09606689164525148,0.1414459293983551,-0.016467232365759532,-0.07482802242971659,0.03437275217208633,0.5517241379310345,False,True,True,True,
FairGNN,GCN,bail,default,30,0.12711480593743593,0.08014379113759529,0.17450741213308107,0.12702304751234414,0.07997964986839542,0.17446738787717378,9.175842509176283e-05,1.2453601027120067e-05,0.00019196271641163393,0.5333333333333333,False,-0.038938508682512654,-0.0496271970427549,-0.027920110987846945,-0.03893293868747316,-0.04967711734542929,-0.027910707888727737,-5.56999503948663e-06,-0.00023013799943770897,0.00018949350997933588,0.5625,False,-0.014160063582906373,-0.023028694296837533,-0.006450397069856496,-0.014186279079654317,-0.023114765534765658,-0.006329263954610031,2.6215496747943796e-05,-0.0004473276655060164,0.0004499455171175953,0.6666666666666666,False,True,True,True,
FairGNN,GCN,credit,default,30,-0.003419484121050309,-0.011963494022512126,0.006126696414188366,-0.008362320466303882,-0.019533109494222982,0.0019141504524648135,0.004942836345253572,-0.003951290858338689,0.013872226038785414,0.6,False,-0.009272318266419891,-0.04320413098517367,0.025857590753629867,0.0008348738285503989,-0.03132088742818431,0.03252996482236336,-0.01010719209497029,-0.026526576587728914,0.005214957899024715,0.6333333333333333,False,-0.008520646661664636,-0.04514065875277227,0.02830647210710401,0.005080481514285681,-0.02867366979590898,0.037179629734347755,-0.01360112817595032,-0.032730592050679595,0.003666969322721092,0.6333333333333333,False,True,False,False,
FairGNN,GCN,german,default,30,-0.07354412698412698,-0.12685473015873014,-0.030374190476190464,-0.06076190476190477,-0.10440485714285715,-0.02164269841269844,-0.012782222222222212,-0.040970412698412687,0.021240571428571418,0.6333333333333333,False,0.15039866563170015,0.03850228002209347,0.26123199978210226,0.05716281926282719,-0.005512426990704056,0.1242110038881098,0.09323584636887298,-0.001523953742560222,0.18460452123140186,0.7333333333333333,False,0.099451087822836,-0.0008596069580314611,0.19966667785066158,0.03377126537967431,-0.03254554194298881,0.09876909127480776,0.06567982244316169,-0.022954697495280573,0.14798727866634254,0.7407407407407407,False,True,False,False,
FairGNN,GCN,pokec_n,default,30,-0.005538390707765665,-0.008264137605377107,-0.002919360343107399,0.00035705724349069563,-0.0024334930605055876,0.002982982998231214,-0.005895447951256361,-0.00836202160797401,-0.00368829015492358,0.9333333333333333,False,-0.007675932021722555,-0.02280982266765723,0.00630848740300785,-0.0037535752000629713,-0.0122814685647891,0.0068069196960760334,-0.003922356821659583,-0.01568436915039828,0.006971975686088758,0.5333333333333333,False,-0.0009991238129446248,-0.015453036876941308,0.012189264021440507,-0.001030854114969724,-0.009540124506708242,0.0069663425607291276,3.173030202510002e-05,-0.01129152219958395,0.012808432069121509,0.5,False,False,False,True,
FairGNN,GCN,pokec_n_g,default,30,-0.005244258929699974,-0.00807237196661533,-0.0025494221867070595,0.000616780624674144,-0.002241520738809982,0.003367116313321056,-0.005861039554374118,-0.00832352622238575,-0.0036341062250526586,0.9,False,-0.009307489876178942,-0.019778132371701618,-4.866656524619078e-05,-0.0044001144873914945,-0.011391461158731683,0.002680346043589288,-0.00490737538878745,-0.010834102613744656,0.00022288743168781322,0.6333333333333333,False,-0.012427299674221938,-0.021272586993102933,-0.003087024106147194,-0.00398430844511537,-0.011792773729756525,0.0030441889376920436,-0.008442991229106571,-0.014959079315098328,-0.002021350799834495,0.6666666666666666,False,False,False,False,
FairGNN,GCN,pokec_z,default,30,0.017230084867994485,0.009857217176633215,0.024433651608473415,0.024260213471084088,0.018222065180167085,0.03082813810254293,-0.007030128603089603,-0.010747748310503865,-0.003488519969715184,0.6333333333333333,False,-0.05433166987024065,-0.07939895220615154,-0.028361709599362857,-0.0363698748477489,-0.0580299568456297,-0.01631449722019313,-0.017961795022491765,-0.0340993691809975,-0.005237436079416074,0.7,False,-0.042523732064651446,-0.06513595294175628,-0.019725370844912472,-0.028941337266973104,-0.048425345934138296,-0.009227870063310141,-0.013582394797678357,-0.026274874945730525,-0.001730461342237266,0.6333333333333333,False,True,True,True,
FairGNN,GCN,pokec_z_g,default,30,0.017230723630643662,0.009819753404865354,0.024355054085162364,0.024191233645314558,0.017816706239534057,0.03098376054553941,-0.006960510014670895,-0.010360416493492699,-0.0035262319859000343,0.6333333333333333,False,-0.0011654298196763393,-0.012551945857308261,0.009603705133668088,-0.002325310621647453,-0.012089172435449368,0.007838742913440217,0.001159880801971113,-0.006453273147355571,0.009015444117404216,0.5333333333333333,False,-0.0021014607196752364,-0.013885031602772352,0.009602030187153311,-0.01121924614438342,-0.023191222936485272,-6.0178902334867774e-05,0.009117785424708183,-0.0006838483792048652,0.019291187783486877,0.6333333333333333,False,True,True,True,
FairSIN,GCN,bail,GCN,30,0.1111689671322699,0.06290321866527591,0.1597139261458196,0.1078366305908355,0.05747212386634853,0.15795940220610516,0.0033323365414344,-0.003992930398543298,0.011844473806120047,0.5666666666666667,False,-0.03258964342857423,-0.044506275215566084,-0.02096350479931404,-0.03765328195037752,-0.05100496032882223,-0.024510286187749034,0.0050636385218032895,0.0007927297091039685,0.010039506938718525,0.7666666666666667,False,-0.014833808390137765,-0.027105600098183365,-0.002037210224196883,-0.009196836201151387,-0.0248647880439256,0.006277644473756758,-0.005636972188986378,-0.013816321844539417,0.0014564562541606316,0.6,False,True,True,True,
FairSIN,GCN,credit,GCN,30,-0.026451763714868914,-0.050999287142014016,-0.011612522121533065,0.01942789081099887,0.012434335591383452,0.026366950917208344,-0.04587965452586778,-0.07089475140689115,-0.030503011206454676,0.9666666666666667,True,0.1495142961719246,0.12222827287391674,0.1774306049659397,0.07295263121835532,0.04724908248029281,0.09849659940863252,0.07656166495356928,0.05502304092388726,0.09850948563704924,0.8666666666666667,True,0.13076107292323788,0.10182053914681104,0.15960385722884413,0.0718328874182404,0.04418300714531023,0.09923286196105972,0.058928185504997475,0.03685191032030444,0.08278337696205541,0.9333333333333333,True,False,False,True,
FairSIN,GCN,german,GCN,30,-0.10594793650793649,-0.15429876190476188,-0.053826857142857135,0.0037130158730158793,-0.0025359365079365166,0.010721396825396825,-0.10966095238095237,-0.156119873015873,-0.060102857142857166,0.9,True,0.3119412410532571,0.1695239225924028,0.45122158871966644,0.13303380906279094,0.0510891176043005,0.23913041672265575,0.17890743199046613,0.08268979502894816,0.2758666299799678,0.9,True,0.26054965597941304,0.13150933893607678,0.3886556857530245,0.12838551185840769,0.049431180916811174,0.22616501283048684,0.13216414412100536,0.054022426506802446,0.21019859943977587,0.8666666666666667,True,False,False,False,
FairSIN,GCN,pokec_n,GCN,30,-0.00936277100630711,-0.016721975478904902,-0.003340630773717729,-0.01211505629581808,-0.020029785576400328,-0.004248489323172119,0.0027522852895109696,-0.0019442564466656382,0.009614802353025871,0.6,False,0.008700733006479654,-0.001545914621334674,0.021032898598229596,0.01060935774920733,-0.006777463980786124,0.031606571408553594,-0.001908624742727676,-0.01827734634291023,0.010588651790492743,0.5,False,0.011204358825191486,-0.0022914442852294144,0.027464927969793555,0.01170838436902318,-0.006188926781054397,0.03183067338826555,-0.0005040255438316973,-0.01262824039144696,0.010793342330507784,0.5666666666666667,False,True,True,True,
FairSIN,GCN,pokec_z,GCN,30,0.026334728885798128,0.01986716223353347,0.033350782241146855,0.025112853520442648,0.018854719868071308,0.0320254517483783,0.0012218753653554773,-0.0011110372811228971,0.003656516399979563,0.5333333333333333,False,-0.015878027592156122,-0.037092452221662985,0.006549578126078426,-0.03369462374795696,-0.05033315524946785,-0.016882883403105255,0.01781659615580084,0.010381576838153555,0.02759849609030877,0.8666666666666667,True,-0.015269170039902354,-0.034833679011971756,0.006851464137343596,-0.029517979504022917,-0.047860178317454136,-0.010558977016386037,0.014248809464120564,0.008237306779462862,0.02119602557630859,0.8666666666666667,True,True,True,True,
FairVGNN,GCN,bail,default,30,0.07154662626438876,0.02330434720844698,0.11798666108450445,0.11368471555143321,0.06577196311053668,0.16243437714919304,-0.04213808928704445,-0.062323884313722495,-0.026824069306947144,1.0,True,-0.022808566231514803,-0.038574564548723135,-0.007017315738093412,-0.029702337571509287,-0.04088219029388956,-0.018930733166502636,0.006893771339994484,-0.002756453659066201,0.01651663449996371,0.6666666666666666,False,-0.012225533534519233,-0.027643348960826382,0.0022720718464986824,-0.00680779786838277,-0.019217905517492043,0.00479053791686898,-0.0054177356661364645,-0.011927240429787583,0.0010499453272957823,0.6333333333333333,False,True,True,True,
FairVGNN,GCN,credit,default,30,0.0009512203318968627,-0.005783537546124247,0.008246757546621644,0.01294310789054406,0.005538151451135085,0.020463820571719433,-0.011991887558647196,-0.01588722491720773,-0.008962761273334813,1.0,True,0.03870750371820091,0.0030480348518713745,0.0702032369888987,0.03884063160321855,0.014014933939953175,0.061453602289905165,-0.00013312788501763096,-0.04062605295153171,0.03295973086572659,0.5333333333333333,False,0.033894638767913404,-0.007031680051526784,0.0680939699302334,0.047750267186455427,0.020787604576901327,0.07228117511712932,-0.01385562841854202,-0.059914218234453254,0.02077670631141013,0.5333333333333333,False,True,True,True,
FairVGNN,GCN,german,default,30,-0.030351746031746032,-0.060434349206349214,0.003474126984126967,-0.0428926984126984,-0.07788177777777776,-0.009480095238095244,0.012540952380952375,-0.01662596825396825,0.03803999999999996,0.6333333333333333,False,0.0426956959805538,-0.03181350258142067,0.12473380729317485,0.04559348515543229,-0.05949467454706842,0.1665994535938338,-0.0028977891748784984,-0.11017069196887114,0.1032608714638966,0.6,False,0.014641171113835616,-0.0575851189772599,0.09362260734213891,0.017190649876972074,-0.0928311597676896,0.14948969743452922,-0.002549478763136451,-0.11736615931715477,0.11435089355097831,0.5,False,True,True,True,
GEAR,SAGE,bail,default,30,0.11980593616042139,0.07394640252191537,0.1659428526545148,0.11718528224962985,0.0711091329128568,0.16319325250326777,0.0026206539107915074,-0.0008494587381724294,0.006373682949641782,0.6,False,-0.016221621982618974,-0.03163874217703765,-0.00033389669210227184,-0.032221798640931776,-0.06752420205864078,0.002278773736188949,0.016000176658312805,-0.019841323790360427,0.04971797327947349,0.6666666666666666,False,-0.00225341573296309,-0.016251923745728297,0.01074485145418684,-0.026851818298703416,-0.057187206986996995,-0.003026448273163373,0.02459840256574032,-0.0002383973383963428,0.04787098581865732,0.8666666666666667,False,True,True,True,"the released counterfactual assets are three identical files that flip the sensitive attribute on the unchanged graph, so the cell measures the similarity objective given an attribute flip, not the published generator; no native cell: the published counterfactual assets cannot be reproduced"
NIFTY,GCN,bail,default,30,0.002843082634112204,-0.05843978032887629,0.06585989930424817,0.02871451344310671,-0.03540471608522388,0.0919208997000313,-0.025871430808994508,-0.05025113376309541,-0.007506783350628852,0.6333333333333333,False,-0.001402553056007609,-0.014993694549695109,0.011684877233122937,-0.0023556386865848625,-0.013288012276452398,0.008228797131684758,0.000953085630577253,-0.006320805081897361,0.008548999664460703,0.5,False,-0.0010114917407810702,-0.008926175458481787,0.005721049233871843,-0.0005757132261835707,-0.008062540861165712,0.005965514710309986,-0.00043577851459750025,-0.004898613158537482,0.004042286393280632,0.5333333333333333,False,True,True,True,
NIFTY,GCN,credit,default,30,-0.14487562836987136,-0.1694795254799367,-0.12125321978447202,-0.12179146484374259,-0.14878149365526894,-0.09666969347304395,-0.023084163526128763,-0.036500716512874135,-0.012997148636854012,1.0,True,0.0945973211448023,0.06428718401303403,0.12492446879628438,0.07791030780548715,0.04414660303944984,0.11285724124297951,0.016687013339315118,0.006075389922268874,0.027860957611645764,0.8,True,0.06877083025997748,0.03380419788363404,0.10369432020231478,0.05247010550171435,0.015392119911319231,0.09148239741686162,0.01630072475826315,0.005146729285870133,0.028558491614404942,0.7666666666666667,True,True,True,True,
NIFTY,GCN,german,default,30,-0.18319111111111114,-0.23258533333333328,-0.13149453968253969,-0.15260190476190474,-0.20093634920634917,-0.106250634920635,-0.03058920634920633,-0.05566507936507934,-0.007384793650793645,0.6666666666666666,False,0.23204562105515744,0.09229764578582354,0.3668624204584678,0.2384974679364982,0.11003993268776834,0.3686327777922643,-0.006451846881340765,-0.041800591948797435,0.03169526975788681,0.6,False,0.19195474489441172,0.06866667400293447,0.30826133383805626,0.18771010442593114,0.062272108725434615,0.3168985231632547,0.004244640468480539,-0.034407748651174415,0.04402823211761066,0.5666666666666667,False,True,True,True,
SFG,SAGE,bail,default,30,0.1333256007026395,0.08429034499267363,0.18186968696525266,0.13120485738031606,0.08166140736174504,0.17882030324475845,0.0021207433223233707,-0.008321002896372413,0.012270816385320087,0.5666666666666667,False,-0.013830039721401998,-0.030210317536050704,0.005062001147710477,-0.03398532841524495,-0.058105193110180545,-0.011408398027210805,0.020155288693842956,0.00038896159567989685,0.0445637395397805,0.7333333333333333,False,-0.014821257710645888,-0.03252075475852494,0.002300261629653667,-0.021826032933035592,-0.05260738479818924,0.002728590123038687,0.007004775222389703,-0.00726187493413353,0.026971547687676813,0.5,False,True,True,True,
SFG,SAGE,credit,default,30,0.02080807633621765,0.014058813282066523,0.02762627625684552,0.02983240970439711,0.023153915991647515,0.03663448331250304,-0.009024333368179463,-0.01219678630758156,-0.0062543454040271665,0.9666666666666667,False,0.11271296168357112,0.09166491732357875,0.13234068816726502,0.11417747359575219,0.08649522033296507,0.143339646546742,-0.0014645119121810862,-0.022553381436238532,0.015370106364672237,0.5333333333333333,False,0.11348534607288098,0.090153002243714,0.13601324568557036,0.11237792898089395,0.08637596193926134,0.13973885662174923,0.0011074170919870329,-0.011945385395290595,0.013300820476430506,0.6,False,True,True,True,
SFG,SAGE,german,default,30,-0.006686984126984123,-0.033629333333333344,0.022378126984126983,0.0051860317460317535,-0.018705079365079348,0.0286939365079365,-0.011873015873015876,-0.02905904761904761,0.0037186666666666588,0.5666666666666667,False,0.21485713229847733,0.09214581437811545,0.33591976293279535,0.14146380645279794,0.015385230194068759,0.26485874596623826,0.07339332584567933,0.019775485925406663,0.12702941414258584,0.7,False,0.19067350051131565,0.07638902111879033,0.30204711427124037,0.12598381889990037,0.005608879117249737,0.24228519943970497,0.06468968161141524,0.018029923285655867,0.11519721328971896,0.7333333333333333,False,False,True,True,
