method,dataset,varied_factor,coordinate,primary_configuration,robustness_configuration,primary_backbone,robustness_backbone,primary_tau_I_mean,primary_tau_I_lo,primary_tau_I_hi,primary_resolved,robustness_tau_I_mean,robustness_tau_I_lo,robustness_tau_I_hi,robustness_resolved,sign_changed,resolution_changed,abs_shift
BIND,bail,intervention budget,dAUC,1pct,10pct,GCN,GCN,0.0007436080320891528,-0.0017406709716852676,0.003803196274128358,False,-0.0009330622671601378,-0.004537822018629251,0.0031723891481950698,False,True,False,0.0016766702992492906
BIND,bail,intervention budget,negDP,1pct,10pct,GCN,GCN,0.0005513076003535531,-0.002150186124113708,0.0030923247867115423,False,0.00325887807491695,-0.0013205214254592664,0.009124920114257395,False,False,False,0.0027075704745633967
BIND,bail,intervention budget,negEO,1pct,10pct,GCN,GCN,-0.0006720886592446126,-0.006770891044431968,0.00624342972207324,False,-0.0001717957713975628,-0.005999669543105304,0.0071635347216177665,False,False,False,0.0005002928878470498
BIND,income,intervention budget,dAUC,1pct,10pct,GCN,GCN,-0.00039890884553231973,-0.0016035321957631867,0.0006843389777140416,False,-0.00045187362181119036,-0.0018574344156936952,0.0008940471037604705,False,False,False,5.296477627887063e-05
BIND,income,intervention budget,negDP,1pct,10pct,GCN,GCN,0.04233838199071894,0.035540510733260734,0.048781209761123455,True,0.052974741718479615,0.04676197453302405,0.058611888817886204,True,False,False,0.010636359727760676
BIND,income,intervention budget,negEO,1pct,10pct,GCN,GCN,0.05426966250573333,0.03591469904803848,0.07041229365763467,True,0.06971662593528913,0.050394751723335185,0.08767561559406503,True,False,False,0.015446963429555795
BeMap,bail,backbone (encoder),dAUC,default,GAT,GCN,GAT,-0.13926478721330915,-0.20755379423766274,-0.0914483663709581,True,-0.09664649039967595,-0.14194411592721673,-0.06864023307520059,True,False,False,0.0426182968136332
BeMap,bail,backbone (encoder),negDP,default,GAT,GCN,GAT,0.059653184001909734,0.041908943965722735,0.074071556131283,True,0.062080089261906786,0.04191881348561804,0.08204431431152624,True,False,False,0.0024269052599970517
BeMap,bail,backbone (encoder),negEO,default,GAT,GCN,GAT,0.024302717449657976,0.015530477798005505,0.03631378455986772,True,0.03663845732765265,0.017581979458124074,0.05792529184945893,True,False,False,0.012335739877994672
BeMap,credit,backbone (encoder),dAUC,default,GAT,GCN,GAT,-0.035780285254646965,-0.04396534631123059,-0.030817114444644314,True,-0.009132072591273044,-0.018019695383905514,-0.00017554380521910977,False,False,True,0.026648212663373923
BeMap,credit,backbone (encoder),negDP,default,GAT,GCN,GAT,0.0224973836925205,-0.019565803307296438,0.06667254946249536,False,0.028989667108674955,0.007643507007647204,0.05546382649702044,False,False,False,0.006492283416154456
BeMap,credit,backbone (encoder),negEO,default,GAT,GCN,GAT,0.01621953950236466,-0.029282037753941902,0.063426693881549,False,0.021924580323691788,0.0027680174199811395,0.0454424630148526,False,False,False,0.005705040821327129
BeMap,pokec_z,backbone (encoder),dAUC,default,GAT,GCN,GAT,-0.01507648894607736,-0.023918062716253637,-0.00742793022503243,True,-0.004887343590763727,-0.012026301380100777,0.0019268390393976627,False,False,True,0.010189145355313633
BeMap,pokec_z,backbone (encoder),negDP,default,GAT,GCN,GAT,-0.06677784952252212,-0.1438367754066933,0.007416828385447914,False,-0.03791201960783487,-0.07829309035557282,-0.005590525548382056,True,False,True,0.028865829914687252
BeMap,pokec_z,backbone (encoder),negEO,default,GAT,GCN,GAT,-0.0397299099900194,-0.09708578505673592,0.013763942637296744,False,-0.01897621439571858,-0.05164224742750383,0.005318899118829143,False,False,False,0.02075369559430082
FairGNN,pokec_n,backbone (GAT) with the upstream repository's row,dAUC,default,upstreamGAT,GCN,GAT,-0.005895447951256361,-0.00836202160797401,-0.00368829015492358,False,0.004706302460421827,-0.009302148688294817,0.02190350974292623,False,True,False,0.010601750411678188
FairGNN,pokec_n,backbone (GAT) with the upstream repository's row,negDP,default,upstreamGAT,GCN,GAT,-0.003922356821659583,-0.01568436915039828,0.006971975686088758,False,0.048300305191206386,-0.024393722126395512,0.12772512291997404,False,True,False,0.05222266201286597
FairGNN,pokec_n,backbone (GAT) with the upstream repository's row,negEO,default,upstreamGAT,GCN,GAT,3.173030202510002e-05,-0.01129152219958395,0.012808432069121509,False,0.04046819370927649,-0.03257435109677543,0.11685069297719217,False,False,False,0.04043646340725139
FairGNN,pokec_z,backbone (GAT) with the upstream repository's row,dAUC,default,upstreamGAT,GCN,GAT,-0.007030128603089603,-0.010747748310503865,-0.003488519969715184,False,-0.04529716038722558,-0.07106550777380785,-0.02301692079467741,False,False,False,0.03826703178413598
FairGNN,pokec_z,backbone (GAT) with the upstream repository's row,negDP,default,upstreamGAT,GCN,GAT,-0.017961795022491765,-0.0340993691809975,-0.005237436079416074,False,-0.01503815954166927,-0.09397882262123981,0.05920265795646685,False,False,False,0.0029236354808224937
FairGNN,pokec_z,backbone (GAT) with the upstream repository's row,negEO,default,upstreamGAT,GCN,GAT,-0.013582394797678357,-0.026274874945730525,-0.001730461342237266,False,-0.025725981085964945,-0.09128341701837725,0.03248689445320371,False,False,False,0.012143586288286589
FairGNN,pokec_n,hyperparameters: the upstream repository's row,dAUC,default,upstreamGCN,GCN,GCN,-0.005895447951256361,-0.00836202160797401,-0.00368829015492358,False,-0.0388088990754935,-0.044437886565568144,-0.03364755721943601,True,False,True,0.03291345112423714
FairGNN,pokec_n,hyperparameters: the upstream repository's row,negDP,default,upstreamGCN,GCN,GCN,-0.003922356821659583,-0.01568436915039828,0.006971975686088758,False,0.025543386390073988,-0.018719050979339943,0.07529416953653298,False,True,False,0.02946574321173357
FairGNN,pokec_n,hyperparameters: the upstream repository's row,negEO,default,upstreamGCN,GCN,GCN,3.173030202510002e-05,-0.01129152219958395,0.012808432069121509,False,0.027495170009867034,-0.013033198121063058,0.0708230556455436,False,False,False,0.027463439707841934
FairGNN,pokec_z,hyperparameters: the upstream repository's row,dAUC,default,upstreamGCN,GCN,GCN,-0.007030128603089603,-0.010747748310503865,-0.003488519969715184,False,-0.04537410522630721,-0.05108919847678721,-0.03988661185495547,True,False,True,0.038343976623217604
FairGNN,pokec_z,hyperparameters: the upstream repository's row,negDP,default,upstreamGCN,GCN,GCN,-0.017961795022491765,-0.0340993691809975,-0.005237436079416074,False,0.028115864297815787,-0.0028552843979670756,0.06116887270116025,False,True,False,0.04607765932030755
FairGNN,pokec_z,hyperparameters: the upstream repository's row,negEO,default,upstreamGCN,GCN,GCN,-0.013582394797678357,-0.026274874945730525,-0.001730461342237266,False,0.029545101070678877,-0.00019845804025196503,0.056878485554438835,False,True,False,0.043127495868357235
FairSIN,bail,backbone (encoder),dAUC,GCN,GIN,GCN,GIN,0.0033323365414344,-0.003992930398543298,0.011844473806120047,False,0.00662164776907388,-0.008399857713217794,0.024222537713554534,False,False,False,0.00328931122763948
FairSIN,bail,backbone (encoder),negDP,GCN,GIN,GCN,GIN,0.0050636385218032895,0.0007927297091039685,0.010039506938718525,False,0.00024102766412774045,-0.008858769000315058,0.009053222502608498,False,False,False,0.004822610857675549
FairSIN,bail,backbone (encoder),negEO,GCN,GIN,GCN,GIN,-0.005636972188986378,-0.013816321844539417,0.0014564562541606316,False,-0.010675606368361493,-0.020100287560076962,-0.0002780645035095313,False,False,False,0.005038634179375115
FairSIN,credit,backbone (encoder),dAUC,GCN,GIN,GCN,GIN,-0.04587965452586778,-0.07089475140689115,-0.030503011206454676,True,-0.03454253545078118,-0.04975191638255717,-0.024372442115773312,True,False,False,0.011337119075086596
FairSIN,credit,backbone (encoder),negDP,GCN,GIN,GCN,GIN,0.07656166495356928,0.05502304092388726,0.09850948563704924,True,0.06049274789960298,0.04591178022439678,0.07738236238611523,True,False,False,0.0160689170539663
FairSIN,credit,backbone (encoder),negEO,GCN,GIN,GCN,GIN,0.058928185504997475,0.03685191032030444,0.08278337696205541,True,0.03583459098939653,0.018827986158699645,0.05353415742110643,True,False,False,0.023093594515600946
FairSIN,german,backbone (encoder),dAUC,GCN,GIN,GCN,GIN,-0.10966095238095237,-0.156119873015873,-0.060102857142857166,True,-0.002854603174603165,-0.013791047619047618,0.00859434920634922,False,False,True,0.10680634920634921
FairSIN,german,backbone (encoder),negDP,GCN,GIN,GCN,GIN,0.17890743199046613,0.08268979502894816,0.2758666299799678,True,0.0013284817005857327,-0.026310540546647287,0.03207605686921531,False,False,True,0.1775789502898804
FairSIN,german,backbone (encoder),negEO,GCN,GIN,GCN,GIN,0.13216414412100536,0.054022426506802446,0.21019859943977587,True,-0.009252633588896556,-0.028738442937754315,0.007015646147347799,False,True,True,0.1414167777099019
FairSIN,pokec_n,backbone (encoder),dAUC,GCN,GIN,GCN,GIN,0.0027522852895109696,-0.0019442564466656382,0.009614802353025871,False,0.005317402141658615,-0.0035915677151848566,0.016313924917369563,False,False,False,0.0025651168521476455
FairSIN,pokec_n,backbone (encoder),negDP,GCN,GIN,GCN,GIN,-0.001908624742727676,-0.01827734634291023,0.010588651790492743,False,0.006789535548717904,-0.008174626946406683,0.025823683518248722,False,True,False,0.00869816029144558
FairSIN,pokec_n,backbone (encoder),negEO,GCN,GIN,GCN,GIN,-0.0005040255438316973,-0.01262824039144696,0.010793342330507784,False,0.0008290845287196905,-0.020546565928526304,0.01999944619129152,False,True,False,0.0013331100725513878
FairSIN,pokec_z,backbone (encoder),dAUC,GCN,GIN,GCN,GIN,0.0012218753653554773,-0.0011110372811228971,0.003656516399979563,False,0.0053110724249815925,-0.00220515838472668,0.013926776209073932,False,False,False,0.004089197059626115
FairSIN,pokec_z,backbone (encoder),negDP,GCN,GIN,GCN,GIN,0.01781659615580084,0.010381576838153555,0.02759849609030877,True,0.004171211573977173,-0.01016040148007352,0.019262728958206878,False,False,True,0.013645384581823669
FairSIN,pokec_z,backbone (encoder),negEO,GCN,GIN,GCN,GIN,0.014248809464120564,0.008237306779462862,0.02119602557630859,True,0.004978678147003007,-0.007730843378086347,0.01743106623971851,False,False,True,0.009270131317117557
FairSIN,bail,backbone (encoder),dAUC,GCN,SAGE,GCN,SAGE,0.0033323365414344,-0.003992930398543298,0.011844473806120047,False,0.013057227717013635,0.0019957526811979934,0.025719937333485352,False,False,False,0.009724891175579235
FairSIN,bail,backbone (encoder),negDP,GCN,SAGE,GCN,SAGE,0.0050636385218032895,0.0007927297091039685,0.010039506938718525,False,-0.00240061148278458,-0.012776542670874842,0.007108463481032298,False,True,False,0.0074642500045878695
FairSIN,bail,backbone (encoder),negEO,GCN,SAGE,GCN,SAGE,-0.005636972188986378,-0.013816321844539417,0.0014564562541606316,False,-0.004977227658259668,-0.013970977472419226,0.004644723395465379,False,False,False,0.0006597445307267103
FairSIN,credit,backbone (encoder),dAUC,GCN,SAGE,GCN,SAGE,-0.04587965452586778,-0.07089475140689115,-0.030503011206454676,True,-0.013969538080959095,-0.017042156417379897,-0.010570431251347368,True,False,False,0.03191011644490868
FairSIN,credit,backbone (encoder),negDP,GCN,SAGE,GCN,SAGE,0.07656166495356928,0.05502304092388726,0.09850948563704924,True,-0.04939466196833363,-0.08824233684502365,-0.012591379912325902,False,True,True,0.1259563269219029
FairSIN,credit,backbone (encoder),negEO,GCN,SAGE,GCN,SAGE,0.058928185504997475,0.03685191032030444,0.08278337696205541,True,-0.03830089815519702,-0.07029061325579374,-0.008477390894458842,False,True,True,0.0972290836601945
FairSIN,german,backbone (encoder),dAUC,GCN,SAGE,GCN,SAGE,-0.10966095238095237,-0.156119873015873,-0.060102857142857166,True,-0.015032380952380957,-0.04992800000000003,0.015779873015872997,False,False,True,0.09462857142857142
FairSIN,german,backbone (encoder),negDP,GCN,SAGE,GCN,SAGE,0.17890743199046613,0.08268979502894816,0.2758666299799678,True,0.004527492260862148,-0.050592511161790546,0.05527503297873214,False,False,True,0.17437993972960397
FairSIN,german,backbone (encoder),negEO,GCN,SAGE,GCN,SAGE,0.13216414412100536,0.054022426506802446,0.21019859943977587,True,0.013744389771274925,-0.036680894682341,0.06145301898537186,False,False,True,0.11841975434973043
FairSIN,pokec_n,backbone (encoder),dAUC,GCN,SAGE,GCN,SAGE,0.0027522852895109696,-0.0019442564466656382,0.009614802353025871,False,-0.00012771069823162747,-0.006663082234551252,0.006282444877425529,False,True,False,0.002879995987742597
FairSIN,pokec_n,backbone (encoder),negDP,GCN,SAGE,GCN,SAGE,-0.001908624742727676,-0.01827734634291023,0.010588651790492743,False,0.0019621394150995354,-0.014932755920487274,0.0189672734893712,False,True,False,0.0038707641578272114
FairSIN,pokec_n,backbone (encoder),negEO,GCN,SAGE,GCN,SAGE,-0.0005040255438316973,-0.01262824039144696,0.010793342330507784,False,0.009849867982795257,-0.00889891193813469,0.031463216885530935,False,True,False,0.010353893526626953
FairSIN,pokec_z,backbone (encoder),dAUC,GCN,SAGE,GCN,SAGE,0.0012218753653554773,-0.0011110372811228971,0.003656516399979563,False,-0.0028323524916814002,-0.006572355124722652,0.0008922842176877124,False,True,False,0.004054227857036878
FairSIN,pokec_z,backbone (encoder),negDP,GCN,SAGE,GCN,SAGE,0.01781659615580084,0.010381576838153555,0.02759849609030877,True,-0.003426633735740707,-0.011812785617840443,0.003967472330479731,False,True,True,0.021243229891541548
FairSIN,pokec_z,backbone (encoder),negEO,GCN,SAGE,GCN,SAGE,0.014248809464120564,0.008237306779462862,0.02119602557630859,True,-0.004007303656210586,-0.010767011743475108,0.002562604057296054,False,True,True,0.018256113120331152
FairVGNN,bail,"propagation (spmm), with that published row's hyperparameters",dAUC,default,GCNspmm,GCN,GCN,-0.04213808928704445,-0.062323884313722495,-0.026824069306947144,True,-0.04081154293947362,-0.058711119695128364,-0.02732313664008046,True,False,False,0.0013265463475708242
FairVGNN,bail,"propagation (spmm), with that published row's hyperparameters",negDP,default,GCNspmm,GCN,GCN,0.006893771339994484,-0.002756453659066201,0.01651663449996371,False,0.008108139796816537,-0.0023151625145326625,0.018091869838126756,False,False,False,0.0012143684568220528
FairVGNN,bail,"propagation (spmm), with that published row's hyperparameters",negEO,default,GCNspmm,GCN,GCN,-0.0054177356661364645,-0.011927240429787583,0.0010499453272957823,False,-0.0033673893856575694,-0.012444231598772,0.005715789196862666,False,False,False,0.002050346280478895
FairVGNN,german,"propagation (spmm), with that published row's hyperparameters",dAUC,default,GCNspmm,GCN,GCN,0.012540952380952375,-0.01662596825396825,0.03803999999999996,False,0.02267428571428571,0.010372000000000003,0.037015936507936505,True,False,True,0.010133333333333334
FairVGNN,german,"propagation (spmm), with that published row's hyperparameters",negDP,default,GCNspmm,GCN,GCN,-0.0028977891748784984,-0.11017069196887114,0.1032608714638966,False,0.046062953301798264,-0.014340120221842985,0.11691299462315327,False,True,False,0.04896074247667676
FairVGNN,german,"propagation (spmm), with that published row's hyperparameters",negEO,default,GCNspmm,GCN,GCN,-0.002549478763136451,-0.11736615931715477,0.11435089355097831,False,0.0637736724477025,0.004359422781080548,0.14019735771436237,False,True,False,0.06632315121083895
FairVGNN,credit,"backbone (encoder), with that published row's hyperparameters",dAUC,default,GIN,GCN,GIN,-0.011991887558647196,-0.01588722491720773,-0.008962761273334813,True,-0.0721500308713353,-0.09830639040080859,-0.04908208726586399,True,False,False,0.0601581433126881
FairVGNN,credit,"backbone (encoder), with that published row's hyperparameters",negDP,default,GIN,GCN,GIN,-0.00013312788501763096,-0.04062605295153171,0.03295973086572659,False,0.0961371352568849,0.06494525457100807,0.12938048221662932,True,True,True,0.09627026314190253
FairVGNN,credit,"backbone (encoder), with that published row's hyperparameters",negEO,default,GIN,GCN,GIN,-0.01385562841854202,-0.059914218234453254,0.02077670631141013,False,0.08008267625661736,0.05084625898267981,0.11307447506458078,True,True,True,0.09393830467515937
FairVGNN,german,"backbone (encoder), with that published row's hyperparameters",dAUC,default,GIN,GCN,GIN,0.012540952380952375,-0.01662596825396825,0.03803999999999996,False,0.021193650793650796,-0.0027708571428571417,0.044825714285714295,False,False,False,0.008652698412698421
FairVGNN,german,"backbone (encoder), with that published row's hyperparameters",negDP,default,GIN,GCN,GIN,-0.0028977891748784984,-0.11017069196887114,0.1032608714638966,False,0.08104309041465574,0.011811213094754431,0.1587914265425535,True,True,True,0.08394087958953424
FairVGNN,german,"backbone (encoder), with that published row's hyperparameters",negEO,default,GIN,GCN,GIN,-0.002549478763136451,-0.11736615931715477,0.11435089355097831,False,0.08840460868153409,0.011895443510737602,0.16936744128118153,True,True,True,0.09095408744467054
FairVGNN,bail,"backbone (encoder), with that published row's hyperparameters",dAUC,default,SAGE,GCN,SAGE,-0.04213808928704445,-0.062323884313722495,-0.026824069306947144,True,0.012125670522714339,-0.0017084099581232655,0.024080880144287966,False,True,True,0.05426375980975878
FairVGNN,bail,"backbone (encoder), with that published row's hyperparameters",negDP,default,SAGE,GCN,SAGE,0.006893771339994484,-0.002756453659066201,0.01651663449996371,False,0.02375029400472407,-0.007182321571056615,0.061046460553684435,False,False,False,0.016856522664729586
FairVGNN,bail,"backbone (encoder), with that published row's hyperparameters",negEO,default,SAGE,GCN,SAGE,-0.0054177356661364645,-0.011927240429787583,0.0010499453272957823,False,0.019220161249173615,-0.010901550448440126,0.05369619012737759,False,True,False,0.02463789691531008
FairVGNN,credit,"backbone (encoder), with that published row's hyperparameters",dAUC,default,SAGE,GCN,SAGE,-0.011991887558647196,-0.01588722491720773,-0.008962761273334813,True,-0.008862439882249655,-0.013237508486650305,-0.0039768413214740905,False,False,True,0.003129447676397541
FairVGNN,credit,"backbone (encoder), with that published row's hyperparameters",negDP,default,SAGE,GCN,SAGE,-0.00013312788501763096,-0.04062605295153171,0.03295973086572659,False,0.023066280293404837,-0.031660531477419214,0.07490242224460736,False,True,False,0.02319940817842247
FairVGNN,credit,"backbone (encoder), with that published row's hyperparameters",negEO,default,SAGE,GCN,SAGE,-0.01385562841854202,-0.059914218234453254,0.02077670631141013,False,0.01384190032113867,-0.04851012794364957,0.06905355056694476,False,True,False,0.02769752873968069
FairVGNN,german,"backbone (encoder), with that published row's hyperparameters",dAUC,default,SAGE,GCN,SAGE,0.012540952380952375,-0.01662596825396825,0.03803999999999996,False,0.024020317460317454,-0.0009067301587301807,0.053933079365079364,False,False,False,0.011479365079365079
FairVGNN,german,"backbone (encoder), with that published row's hyperparameters",negDP,default,SAGE,GCN,SAGE,-0.0028977891748784984,-0.11017069196887114,0.1032608714638966,False,0.0327102852121982,-0.03652963539483265,0.10109445247060853,False,True,False,0.0356080743870767
FairVGNN,german,"backbone (encoder), with that published row's hyperparameters",negEO,default,SAGE,GCN,SAGE,-0.002549478763136451,-0.11736615931715477,0.11435089355097831,False,0.03911025232788152,-0.031227135076400535,0.11078558459421005,False,True,False,0.04165973109101797
