file,section,family,held_fixed,varied,row_unit,rows
1_main_package_vs_intervention.csv,1,main,"controlled protocol, primary configuration","method vs common baseline, split into non-intervention and intervention parts",cell,36
1b_main_task_adapted.csv,1b,"main, task-adapted method",controlled protocol,"as section 1, for a method released for another task whose training loop the harness completed (FnRGNN)",cell,3
1c_main_released_task_regression.csv,1c,"main, released task (regression)","FnRGNN on its own task: node regression with MSE, same split, B = common GCN with MSE","tau_nonint / tau_I / tau_pkg on regression metrics (negMSE, negMeanGap, negWD)",cell,3
2_configuration_variation.csv,2,configuration variation,"controlled protocol, same method and dataset","the configuration: another published row, encoder backbone or intervention budget; varied_factor names it",robustness vs primary configuration x coordinate,78
3a_protocol_selector_bce_vs_auc.csv,3a,protocol variation (selector only),"configuration, horizon, data and units",the checkpoint selector: validation BCE vs validation AUC,controlled cell (primary and robustness),65
3b_protocol_native_horizon_selector.csv,3b,protocol variation (published horizon),"configuration, data and the checkpoint selector","the training horizon, to the method's own published value; nothing else (validation-BCE selection retained)",controlled vs native pair,21
3c_protocol_native_published_procedure.csv,3c,protocol variation (published procedure bundle),configuration of the intervention,the training horizon plus the preprocessing or training-loop details the published procedure prescribes (validation-BCE selection retained),controlled vs native pair,4
4_mechanistic_case_study.csv,4,mechanistic case study,the frozen cell,"which trajectory and selection support drives the attribution (NIFTY, FairGB)",decomposition term x coordinate,255
5_component_case_study_FMP.csv,5,component-level case study,"FMP, its own split and horizon","four stages, one component at a time: B, base, +propagation, +fairness",step x lambda x selector x coordinate,270
