method,backbone,dataset,configuration,n_units,tau_pkg_dAUC_mean,tau_pkg_dAUC_lo,tau_pkg_dAUC_hi,tau_nonint_dAUC_mean,tau_nonint_dAUC_lo,tau_nonint_dAUC_hi,tau_I_dAUC_mean,tau_I_dAUC_lo,tau_I_dAUC_hi,tau_I_dAUC_sign_stability,tau_I_dAUC_resolved,tau_pkg_negDP_mean,tau_pkg_negDP_lo,tau_pkg_negDP_hi,tau_nonint_negDP_mean,tau_nonint_negDP_lo,tau_nonint_negDP_hi,tau_I_negDP_mean,tau_I_negDP_lo,tau_I_negDP_hi,tau_I_negDP_sign_stability,tau_I_negDP_resolved,tau_pkg_negEO_mean,tau_pkg_negEO_lo,tau_pkg_negEO_hi,tau_nonint_negEO_mean,tau_nonint_negEO_lo,tau_nonint_negEO_hi,tau_I_negEO_mean,tau_I_negEO_lo,tau_I_negEO_hi,tau_I_negEO_sign_stability,tau_I_negEO_resolved,nonint_larger_negDP,nonint_larger_negEO,caveat
BIND,GCN,bail,1pct,30,0.10564709395940282,0.0575155511972217,0.15453966413852688,0.10490348592731367,0.05678681939138427,0.15361559954449858,0.0007436080320891528,-0.0017406709716852676,0.003803196274128358,0.6333333333333333,False,-0.04002118451322827,-0.055636361250182516,-0.023417395284579458,-0.040572492113581826,-0.05711858166654308,-0.022573704603697474,0.0005513076003535531,-0.002150186124113708,0.0030923247867115423,0.6333333333333333,False,-0.021569147629462233,-0.037818920665776794,-0.003525984820442691,-0.02089705897021762,-0.03807638945728003,-0.002737344029698054,-0.0006720886592446126,-0.006770891044431968,0.00624342972207324,0.5333333333333333,False,True,True,the published 1% / 10% budgets are applied as fractions of the training set; on bail (|train| = 100) that is 1 and 10 deleted nodes; no native cell: the published influence estimator reads test labels; the controlled cells use the same estimator with its fairness cost on validation nodes
BIND,GCN,income,1pct,30,0.12565332637813162,0.11331244645788768,0.1359356106542709,0.1260522352236639,0.11396585023122756,0.13605179105023973,-0.00039890884553231973,-0.0016035321957631867,0.0006843389777140416,0.5,False,-0.027671802908838077,-0.05703367200151379,0.008466477345386605,-0.070010184899557,-0.09907188412444806,-0.03420199361022988,0.04233838199071894,0.035540510733260734,0.048781209761123455,1.0,True,-0.040607487849993795,-0.07668678257439836,-0.0006236952009338578,-0.09487715035572712,-0.1374822935821276,-0.04943052091403949,0.05426966250573333,0.03591469904803848,0.07041229365763467,0.9666666666666667,True,True,True,the published 1% / 10% budgets are applied as fractions of the training set; on income (|train| = 4605) that is 46 and 461 deleted nodes; no native cell: the published influence estimator reads test labels; the controlled cells use the same estimator with its fairness cost on validation nodes
BeMap,GCN,bail,default,30,-0.02850826744175368,-0.10730453472075542,0.04302299193306455,0.11075651977155546,0.06377323830902763,0.15903899862209303,-0.13926478721330915,-0.20755379423766274,-0.0914483663709581,1.0,True,0.0020373567677433933,-0.022593052925365533,0.024536097634774334,-0.057615827234166334,-0.07207560985553665,-0.043582594141358795,0.059653184001909734,0.041908943965722735,0.074071556131283,1.0,True,-0.00776878411356825,-0.02329558805535516,0.007321317497845994,-0.03207150156322622,-0.04798217761736412,-0.01630945301695485,0.024302717449657976,0.015530477798005505,0.03631378455986772,1.0,True,False,True,no native cell: the official training loop selects on the test split
BeMap,GCN,credit,default,30,-0.005311974889318801,-0.015754926221653674,0.003080280701946294,0.03046831036532817,0.023783090454405603,0.03739438848079698,-0.035780285254646965,-0.04396534631123059,-0.030817114444644314,1.0,True,0.05231807163687965,0.018017671257480626,0.0842041454282607,0.029820687944359145,-0.0008217179343646354,0.05803401381366188,0.0224973836925205,-0.019565803307296438,0.06667254946249536,0.7,False,0.04219230884169152,0.0034997107277396425,0.07759358565399932,0.025972769339326858,-0.007777778716646846,0.0576349864231934,0.01621953950236466,-0.029282037753941902,0.063426693881549,0.7,False,True,True,no native cell: the official training loop selects on the test split
BeMap,GCN,pokec_z,default,30,0.038056336747098456,0.027964118900661236,0.04716864032447438,0.05313282569317581,0.04650183482832365,0.0601862776934257,-0.01507648894607736,-0.023918062716253637,-0.00742793022503243,0.9666666666666667,True,-0.09102225449039043,-0.15156595041199372,-0.03217401422013681,-0.024244404967868317,-0.05506884821557531,0.005405481646392879,-0.06677784952252212,-0.1438367754066933,0.007416828385447914,0.7,False,-0.055159368649084335,-0.09438093279763461,-0.019072165895083516,-0.015429458659064928,-0.0443936829491279,0.009893373685510494,-0.0397299099900194,-0.09708578505673592,0.013763942637296744,0.5333333333333333,False,False,False,no native cell: the official training loop selects on the test split
EDITS,GCN,bail,default,30,0.09189436633371394,0.0111882071929218,0.16395379515601222,0.13045786931171743,0.08395942188046862,0.1781147049189862,-0.03856350297800349,-0.09884804497412804,0.010347566443864831,0.5,False,-0.028256802565309314,-0.04377917619812191,-0.010287661621002005,-0.035558972817273354,-0.046044659693722144,-0.024717383493285037,0.007302170251964043,-0.0032920629248429406,0.019948707015116973,0.6,False,-0.003941051706994047,-0.013282173716203929,0.005166196299014953,-0.00901377994930151,-0.018745464884719492,0.0001630602770765893,0.005072728242307465,-0.0010116772913302606,0.01166504290361018,0.6666666666666666,False,True,True,the wrapper's parameter routing was repaired from its own stored values so the structural half of the intervention is active; no native cell: the repository carries no official configuration
EDITS,GCN,credit,default,30,0.0019752735550489916,-0.009117035177429953,0.013679623365581305,0.01498264727900715,0.008298333006371334,0.021819601935725096,-0.01300737372395816,-0.020472563150189565,-0.0043690518415184275,0.8,True,-0.05885788850351715,-0.19170538231663384,0.0728467669393435,-0.2680820880358575,-0.2998370128906232,-0.23687756042508165,0.20922419953234034,0.07555197685846207,0.3396007745643521,0.8666666666666667,True,-0.09878363268665907,-0.2348869042268702,0.03340855226874024,-0.33169524361923763,-0.3656429415154365,-0.29773468531934105,0.23291161093257853,0.09730465057100603,0.3628585679359377,0.9,True,True,True,the wrapper's parameter routing was repaired from its own stored values so the structural half of the intervention is active; no native cell: the repository carries no official configuration
EDITS,GCN,german,default,30,0.17259174603174604,0.13069885714285712,0.21019447619047618,0.20149841269841273,0.16087358730158738,0.2417143492063493,-0.02890666666666665,-0.06377428571428571,0.006294349206349216,0.8333333333333334,False,0.03521160776519529,-0.0184455198978739,0.09309912352057978,-0.24076639108917966,-0.3643324185953283,-0.08971943892825357,0.27597799885437485,0.11787445476602916,0.3992037523747005,0.8666666666666667,True,0.019598376188536885,-0.0453309626816152,0.09248200092182264,-0.20153858355990154,-0.3370263146348965,-0.03941221753580277,0.2211369597484384,0.08744079142768219,0.33807121005982177,0.8666666666666667,True,False,False,the wrapper's parameter routing was repaired from its own stored values so the structural half of the intervention is active; no native cell: the repository carries no official configuration
FairEdit,GCN,bail,default,30,0.12013519316972426,0.07339753967780213,0.16732055091215067,0.12014109866747481,0.07341141536541636,0.16732172515596636,-5.905497750561631e-06,-2.2146892050073916e-05,7.621344586153281e-06,0.6333333333333333,False,-0.040216134374498363,-0.055019029989055404,-0.024920937098463464,-0.04026010104513955,-0.05502863363845651,-0.025016852896881936,4.3966670641187405e-05,-9.876384778741604e-05,0.000191049577193594,0.7,False,-0.013258263607516066,-0.023367338288191562,-0.0032276603059348823,-0.013293678118184925,-0.02340142590971115,-0.0033014243777476793,3.541451066885656e-05,-0.00010491383910857718,0.00020829003513407954,0.6666666666666666,False,True,True,"the repository default removes 20 of ~44k edges, so a near-zero estimate reflects the size of the intervention; no native cell: the repository carries no official configuration"
FairEdit,GCN,credit,default,30,-0.021017491967931793,-0.06669117144480084,0.007000947381409361,-0.021016981143563426,-0.06669086697111799,0.0070016645994619145,-5.108243683660252e-07,-1.1592445261797887e-06,7.05178420750315e-08,0.5666666666666667,False,0.0741219472503186,0.046974563444816916,0.10368222921738043,0.0741219472503186,0.046974563444816916,0.10368222921738043,0.0,0.0,0.0,0.0,False,0.0707779887330742,0.04298534174354246,0.09990874415514074,0.0707779887330742,0.04298534174354246,0.09990874415514074,0.0,0.0,0.0,0.0,False,True,True,"the repository default removes 20 of ~44k edges, so a near-zero estimate reflects the size of the intervention; no native cell: the repository carries no official configuration"
FairEdit,GCN,german,default,30,0.10357206349206348,0.049483714285714284,0.15760368253968257,0.10342730158730158,0.049426412698412726,0.1573715555555556,0.00014476190476189754,-2.539682539689179e-06,0.0003352380952380904,0.5652173913043478,False,-0.13449908401291222,-0.23863642010949382,-0.03529146403986937,-0.1350503324583009,-0.2389873026685413,-0.035860473353722506,0.0005512484453886617,-0.001849652566944595,0.0024935731288621464,0.8,False,-0.1200217460447536,-0.2337583352223868,-0.01222529829706709,-0.1200279960447536,-0.23338136292386347,-0.01225008408224405,6.249999999996536e-06,-0.003163076241134762,0.002394326241134744,0.6666666666666666,False,True,True,"the repository default removes 20 of ~44k edges, so a near-zero estimate reflects the size of the intervention; no native cell: the repository carries no official configuration"
FairGB,SAGE,bail,default,30,0.14153739302503315,0.09494014537281929,0.18842807966286873,0.12207130359207324,0.07389526392473006,0.170027322174366,0.019466089432959945,0.007167647945473477,0.030928270188511645,0.8333333333333334,True,-0.0909159288841079,-0.14476301164009323,-0.03317953306923595,-0.03123745006104372,-0.07121178242676336,0.004245368375179263,-0.05967847882306418,-0.10817409598374039,-0.015625214406395388,0.7333333333333333,False,-0.09913394721097114,-0.14611061075175147,-0.052250809286854,-0.033692835799144526,-0.07592443665396019,-0.0038869371066287263,-0.0654411114118266,-0.11163691233885026,-0.02299047928928465,0.7666666666666667,True,False,False,
FairGB,SAGE,credit,default,30,0.021205396217911412,0.015438434535552445,0.027173882241464286,0.028793865924667608,0.023400647128477333,0.03418363704335957,-0.007588469706756196,-0.010726658327673853,-0.004264721812100767,0.8333333333333334,False,0.06315973572788107,0.027986318470525507,0.09814692171042964,0.049219528346997526,0.016943139111765836,0.08596419684375727,0.013940207380883534,-0.01763191382186305,0.05015046665479856,0.5666666666666667,False,0.05690845038604823,0.02362984274831935,0.09043665098844249,0.04900456992826022,0.015233908293011434,0.08735717511890428,0.007903880457788002,-0.022386498320567428,0.042296982279308386,0.5666666666666667,False,True,True,
FairGB,SAGE,german,default,30,0.19856380952380953,0.1402587619047619,0.24652961904761916,0.16661460317460322,0.1209403174603175,0.20804768253968256,0.03194920634920633,0.009963047619047576,0.05693485714285712,0.7586206896551724,True,-0.17380704277914666,-0.2952672916010678,-0.03653197351766675,-0.14654555532371738,-0.2457170619854205,-0.03917653794062164,-0.027261487455429348,-0.09533111009212276,0.031636204658468725,0.5517241379310345,False,-0.12925816497994,-0.2513807378132991,0.01006096672741201,-0.11279093261418043,-0.22014816337646165,0.005922418013304587,-0.016467232365759532,-0.07482802242971659,0.03437275217208633,0.5517241379310345,False,True,True,
FairGNN,GCN,bail,default,30,0.12711476767287166,0.08014374290830077,0.17450734596727208,0.1270230092477799,0.07997960163910094,0.17446732171136478,9.175842509176283e-05,1.2453601027120067e-05,0.00019196271641163393,0.5333333333333333,False,-0.038938508682512654,-0.0496271970427549,-0.027920110987846945,-0.03893293868747316,-0.04967711734542929,-0.027910707888727737,-5.56999503948663e-06,-0.00023013799943770897,0.00018949350997933588,0.5625,False,-0.014160063582906373,-0.023028694296837533,-0.006450397069856496,-0.014186279079654317,-0.023114765534765658,-0.006329263954610031,2.6215496747943796e-05,-0.0004473276655060164,0.0004499455171175953,0.6666666666666666,False,True,True,
FairGNN,GCN,credit,default,30,-0.005252672824009456,-0.014510315547735983,0.00471856479714235,-0.010195509169263029,-0.02080333856919711,-0.0005097903790065729,0.004942836345253572,-0.003951290858338689,0.013872226038785414,0.6,False,-0.008678825004719549,-0.042391502052742586,0.028998645996528034,0.0014283670902507414,-0.031203260504064464,0.035565823399584445,-0.01010719209497029,-0.026526576587728914,0.005214957899024715,0.6333333333333333,False,-0.008183559192596333,-0.0438662835684524,0.031640172354834746,0.005417568983353985,-0.02856758938077511,0.04021368611484349,-0.01360112817595032,-0.032730592050679595,0.003666969322721092,0.6333333333333333,False,False,False,
FairGNN,GCN,german,default,30,0.13924190476190476,0.08290622222222223,0.1945206984126984,0.15202412698412704,0.09260511111111111,0.20678961904761906,-0.012782222222222212,-0.040970412698412687,0.021240571428571418,0.6333333333333333,False,-0.049716927812157904,-0.130176232360391,0.032666690760438384,-0.14295277418103094,-0.2807292289381961,-0.00010018740421047676,0.09323584636887298,-0.001523953742560222,0.18460452123140186,0.7333333333333333,False,-0.041746104665270366,-0.1241469402135854,0.05008347450091147,-0.10742592710843205,-0.24054534634879376,0.03552970528917806,0.06567982244316169,-0.022954697495280573,0.14798727866634254,0.7407407407407407,False,True,True,
FairGNN,GCN,pokec_n,default,30,-0.005538335585529604,-0.008264135194560948,-0.0029193196850252384,0.0003571123657267565,-0.0024333580093013067,0.0029829960839462366,-0.005895447951256361,-0.00836202160797401,-0.00368829015492358,0.9333333333333333,False,-0.007675932021722555,-0.02280982266765723,0.00630848740300785,-0.0037535752000629713,-0.0122814685647891,0.0068069196960760334,-0.003922356821659583,-0.01568436915039828,0.006971975686088758,0.5333333333333333,False,-0.0009991238129446248,-0.015453036876941308,0.012189264021440507,-0.001030854114969724,-0.009540124506708242,0.0069663425607291276,3.173030202510002e-05,-0.01129152219958395,0.012808432069121509,0.5,False,False,True,
FairGNN,GCN,pokec_n_g,default,30,-0.005244286510197223,-0.00807240096803115,-0.0025495969760301225,0.0006167530441768949,-0.002241657248658552,0.0033670091118603793,-0.005861039554374118,-0.00832352622238575,-0.0036341062250526586,0.9,False,-0.009307489876178942,-0.019778132371701618,-4.866656524619078e-05,-0.0044001144873914945,-0.011391461158731683,0.002680346043589288,-0.00490737538878745,-0.010834102613744656,0.00022288743168781322,0.6333333333333333,False,-0.012427299674221938,-0.021272586993102933,-0.003087024106147194,-0.00398430844511537,-0.011792773729756525,0.0030441889376920436,-0.008442991229106571,-0.014959079315098328,-0.002021350799834495,0.6666666666666666,False,False,False,
FairGNN,GCN,pokec_z,default,30,0.017230105077845743,0.009857276137845572,0.024433483297928694,0.024260233680935345,0.018222095153037424,0.030828038258468377,-0.007030128603089603,-0.010747748310503865,-0.003488519969715184,0.6333333333333333,False,-0.05433166987024065,-0.07939895220615154,-0.028361709599362857,-0.0363698748477489,-0.0580299568456297,-0.01631449722019313,-0.017961795022491765,-0.0340993691809975,-0.005237436079416074,0.7,False,-0.042523732064651446,-0.06513595294175628,-0.019725370844912472,-0.028941337266973104,-0.048425345934138296,-0.009227870063310141,-0.013582394797678357,-0.026274874945730525,-0.001730461342237266,0.6333333333333333,False,True,True,
FairGNN,GCN,pokec_z_g,default,30,0.017230764280007926,0.009819904055421262,0.024355115704730985,0.02419127429467882,0.017816844311214164,0.030983840994837548,-0.006960510014670895,-0.010360416493492699,-0.0035262319859000343,0.6333333333333333,False,-0.0011654298196763393,-0.012551945857308261,0.009603705133668088,-0.002325310621647453,-0.012089172435449368,0.007838742913440217,0.001159880801971113,-0.006453273147355571,0.009015444117404216,0.5333333333333333,False,-0.0021014607196752364,-0.013885031602772352,0.009602030187153311,-0.01121924614438342,-0.023191222936485272,-6.0178902334867774e-05,0.009117785424708183,-0.0006838483792048652,0.019291187783486877,0.6333333333333333,False,True,True,
FairSIN,GCN,bail,GCN,30,0.11116897032098355,0.06290318311111825,0.1597139723821681,0.10783663377954916,0.057471972243012655,0.15795948200366525,0.0033323365414344,-0.003992930398543298,0.011844473806120047,0.5666666666666667,False,-0.03258964342857423,-0.044506275215566084,-0.02096350479931404,-0.03765328195037752,-0.05100496032882223,-0.024510286187749034,0.0050636385218032895,0.0007927297091039685,0.010039506938718525,0.7666666666666667,False,-0.014833808390137765,-0.027105600098183365,-0.002037210224196883,-0.009196836201151387,-0.0248647880439256,0.006277644473756758,-0.005636972188986378,-0.013816321844539417,0.0014564562541606316,0.6,False,True,True,
FairSIN,GCN,credit,GCN,30,-0.025259446320735023,-0.050320702418249444,-0.009634008658627825,0.02062020820513276,0.013109846554207558,0.028272842010416185,-0.04587965452586778,-0.07089475140689115,-0.030503011206454676,0.9666666666666667,True,0.14407953864415615,0.11716982459092022,0.1707271180620356,0.06751787369058686,0.04453618524412395,0.09179483950256703,0.07656166495356928,0.05502304092388726,0.09850948563704924,0.8666666666666667,True,0.12239879304072768,0.09413203561287144,0.15033056998539915,0.06347060753573021,0.03952740575331106,0.08858983873594381,0.058928185504997475,0.03685191032030444,0.08278337696205541,0.9333333333333333,True,False,True,
FairSIN,GCN,german,GCN,30,0.10685587301587306,0.06783222222222225,0.1462938730158731,0.2165168253968254,0.17593101587301585,0.259637365079365,-0.10966095238095237,-0.156119873015873,-0.060102857142857166,0.9,True,0.11182564760939899,0.06330479333873382,0.16671778926772607,-0.06708178438106713,-0.1770090084701222,0.04143300926836849,0.17890743199046613,0.08268979502894816,0.2758666299799678,0.9,True,0.11935246349130667,0.067259475568005,0.17939839969202812,-0.012811680629698683,-0.10840454834726437,0.0856005518164713,0.13216414412100536,0.054022426506802446,0.21019859943977587,0.8666666666666667,True,False,False,
FairSIN,GCN,pokec_n,GCN,30,-0.009362812324350534,-0.016722098459063715,-0.003340633141989392,-0.012115097613861503,-0.020029758340082235,-0.0042484909712775685,0.0027522852895109696,-0.0019442564466656382,0.009614802353025871,0.6,False,0.008700733006479654,-0.001545914621334674,0.021032898598229596,0.01060935774920733,-0.006777463980786124,0.031606571408553594,-0.001908624742727676,-0.01827734634291023,0.010588651790492743,0.5,False,0.011204358825191486,-0.0022914442852294144,0.027464927969793555,0.01170838436902318,-0.006188926781054397,0.03183067338826555,-0.0005040255438316973,-0.01262824039144696,0.010793342330507784,0.5666666666666667,False,True,True,
FairSIN,GCN,pokec_z,GCN,30,0.02633473897150728,0.019867201984226375,0.03335085999723279,0.0251128636061518,0.0188547199898462,0.032025451109143455,0.0012218753653554773,-0.0011110372811228971,0.003656516399979563,0.5333333333333333,False,-0.015878027592156122,-0.037092452221662985,0.006549578126078426,-0.03369462374795696,-0.05033315524946785,-0.016882883403105255,0.01781659615580084,0.010381576838153555,0.02759849609030877,0.8666666666666667,True,-0.015269170039902354,-0.034833679011971756,0.006851464137343596,-0.029517979504022917,-0.047860178317454136,-0.010558977016386037,0.014248809464120564,0.008237306779462862,0.02119602557630859,0.8666666666666667,True,True,True,
FairVGNN,GCN,bail,default,30,0.07154656567882868,0.023304318908613002,0.11798667320161645,0.11368465496587313,0.06577187063783972,0.16243425565920155,-0.04213808928704445,-0.062323884313722495,-0.026824069306947144,1.0,True,-0.022808566231514803,-0.038574564548723135,-0.007017315738093412,-0.029702337571509287,-0.04088219029388956,-0.018930733166502636,0.006893771339994484,-0.002756453659066201,0.01651663449996371,0.6666666666666666,False,-0.012225533534519233,-0.027643348960826382,0.0022720718464986824,-0.00680779786838277,-0.019217905517492043,0.00479053791686898,-0.0054177356661364645,-0.011927240429787583,0.0010499453272957823,0.6333333333333333,False,True,True,
FairVGNN,GCN,credit,default,30,0.0009076299857963247,-0.006808520443827613,0.008956582749402586,0.01289951754444352,0.004211716560103876,0.022001514792046144,-0.011991887558647196,-0.01588722491720773,-0.008962761273334813,1.0,True,0.03813831310320902,-0.0004224986703463709,0.07349328865797135,0.03827144098822664,0.014633072696949214,0.061899050760993696,-0.00013312788501763096,-0.04062605295153171,0.03295973086572659,0.5333333333333333,False,0.03225727553209516,-0.01256640318321789,0.07153706465445693,0.046112903950637184,0.02033876153718348,0.0720347486760503,-0.01385562841854202,-0.059914218234453254,0.02077670631141013,0.5333333333333333,False,True,True,
FairVGNN,GCN,german,default,30,0.1824457142857143,0.14933441269841274,0.21452069841269847,0.16990476190476192,0.12004492063492067,0.21331844444444445,0.012540952380952375,-0.01662596825396825,0.03803999999999996,0.6333333333333333,False,-0.15741989746330426,-0.2715476602644357,-0.04424722240342066,-0.1545221082884258,-0.2925127134042952,-0.01403722522035531,-0.0028977891748784984,-0.11017069196887114,0.1032608714638966,0.6,False,-0.12655602137427077,-0.23296753325399308,-0.016819827597705766,-0.1240065426111343,-0.2740781636830264,0.017489136654661817,-0.002549478763136451,-0.11736615931715477,0.11435089355097831,0.5,False,True,True,
GEAR,SAGE,bail,default,30,0.11980595529270349,0.0739463075779653,0.1659428526545148,0.11718530138191201,0.071109144950251,0.16319316728489439,0.0026206539107915074,-0.0008494587381724294,0.006373682949641782,0.6,False,-0.016221621982618974,-0.03163874217703765,-0.00033389669210227184,-0.032221798640931776,-0.06752420205864078,0.002278773736188949,0.016000176658312805,-0.019841323790360427,0.04971797327947349,0.6666666666666666,False,-0.00225341573296309,-0.016251923745728297,0.01074485145418684,-0.026851818298703416,-0.057187206986996995,-0.003026448273163373,0.02459840256574032,-0.0002383973383963428,0.04787098581865732,0.8666666666666667,False,True,True,"the released counterfactual assets are three identical files that flip the sensitive attribute on the unchanged graph, so the cell measures the similarity objective given an attribute flip, not the published generator; no native cell: the published counterfactual assets cannot be reproduced"
NIFTY,GCN,bail,default,30,0.002843044369547946,-0.05843982082554008,0.06585988288237267,0.028714475178542455,-0.03540473426089188,0.09192073739450456,-0.025871430808994508,-0.05025113376309541,-0.007506783350628852,0.6333333333333333,False,-0.001402553056007609,-0.014993694549695109,0.011684877233122937,-0.0023556386865848625,-0.013288012276452398,0.008228797131684758,0.000953085630577253,-0.006320805081897361,0.008548999664460703,0.5,False,-0.0010114917407810702,-0.008926175458481787,0.005721049233871843,-0.0005757132261835707,-0.008062540861165712,0.005965514710309986,-0.00043577851459750025,-0.004898613158537482,0.004042286393280632,0.5333333333333333,False,True,True,
NIFTY,GCN,credit,default,30,-0.1467088170728305,-0.17256955458557405,-0.12226172472641396,-0.12362465354670177,-0.1508403083218931,-0.09776898811574848,-0.023084163526128763,-0.036500716512874135,-0.012997148636854012,1.0,True,0.09519081440650264,0.06743995555433681,0.12531272478704608,0.07850380106718752,0.04675321449032933,0.11253346337557275,0.016687013339315118,0.006075389922268874,0.027860957611645764,0.8,True,0.06910791772904577,0.03776468189369892,0.10206776142457821,0.05280719297078266,0.018830108860628438,0.0902587328169907,0.01630072475826315,0.005146729285870133,0.028558491614404942,0.7666666666666667,True,True,True,
NIFTY,GCN,german,default,30,0.029594920634920644,0.002656761904761906,0.05678028571428572,0.06018412698412699,0.024555365079365093,0.09335571428571428,-0.03058920634920633,-0.05566507936507934,-0.007384793650793645,0.6666666666666666,False,0.03193002761129932,-0.016425896736920093,0.07858506614900532,0.038381874492640085,-0.027778122703687194,0.10390719816201878,-0.006451846881340765,-0.041800591948797435,0.03169526975788681,0.6,False,0.050757552406305306,0.005817842840889333,0.1024101425415024,0.04651291193782477,-0.020571908450289104,0.11923115812533637,0.004244640468480539,-0.034407748651174415,0.04402823211761066,0.5666666666666667,False,True,True,
SFG,SAGE,bail,default,30,0.133325533739652,0.08429016913511368,0.18186967843544355,0.13120479041732866,0.08166114636552964,0.17882028475021902,0.0021207433223233707,-0.008321002896372413,0.012270816385320087,0.5666666666666667,False,-0.013830039721401998,-0.030210317536050704,0.005062001147710477,-0.03398532841524495,-0.058105193110180545,-0.011408398027210805,0.020155288693842956,0.00038896159567989685,0.0445637395397805,0.7333333333333333,False,-0.014821257710645888,-0.03252075475852494,0.002300261629653667,-0.021826032933035592,-0.05260738479818924,0.002728590123038687,0.007004775222389703,-0.00726187493413353,0.026971547687676813,0.5,False,True,True,
SFG,SAGE,credit,default,30,0.0187556545419665,0.011060457113164007,0.027038262198546104,0.027779987910145965,0.0199859290675818,0.03599109804260702,-0.009024333368179463,-0.01219678630758156,-0.0062543454040271665,0.9666666666666667,False,0.11354725476756294,0.08843385321163162,0.13612365092570086,0.11501176667974404,0.08446383306674835,0.1482807009637593,-0.0014645119121810862,-0.022553381436238532,0.015370106364672237,0.5333333333333333,False,0.11374264406225405,0.08719421862613147,0.13786170019205785,0.11263522697026705,0.08303164056553274,0.14402648652441652,0.0011074170919870329,-0.011945385395290595,0.013300820476430506,0.6,False,True,True,
SFG,SAGE,german,default,30,0.2061130158730159,0.17841241269841276,0.23422657142857145,0.2179860317460318,0.18935219047619048,0.2494146666666667,-0.011873015873015876,-0.02905904761904761,0.0037186666666666588,0.5666666666666667,False,0.014741538854619223,-0.053969298557650244,0.08722463032089747,-0.058651786991060106,-0.13804443368028105,0.021650173916134392,0.07339332584567933,0.019775485925406663,0.12702941414258584,0.7,False,0.04947630802320927,-0.016266644935752084,0.12651254455993385,-0.015213373588205969,-0.08886803555760361,0.0676568638566537,0.06468968161141524,0.018029923285655867,0.11519721328971896,0.7333333333333333,False,False,False,
