analysis,method,dataset,coordinate,term,mean,lo,hi,resolved,note
selection-support decomposition,NIFTY,german,negDP,D0.bce.c200,-0.011318495282452,-0.0472173379762163,0.0286990925278758,False,
selection-support decomposition,NIFTY,german,negEO,D0.bce.c200,0.0038058413377171,-0.034585892801565,0.0444445619041055,False,
selection-support decomposition,NIFTY,german,dAUC,D0.bce.c200,-0.0280736507936507,-0.0555244126984127,-0.0024047301587301,False,
selection-support decomposition,NIFTY,german,negDP,D0.bce.c1000,-0.0429072016996256,-0.1172188170531265,0.0316533319886302,False,
selection-support decomposition,NIFTY,german,negEO,D0.bce.c1000,-0.0262824543410745,-0.105606951108901,0.048612568441827,False,
selection-support decomposition,NIFTY,german,dAUC,D0.bce.c1000,0.0145536507936508,-0.0041717142857142,0.0322706666666666,False,
selection-support decomposition,NIFTY,german,negDP,D0.bce.S,-0.0315887064171736,-0.1254900027553973,0.0572173861071977,False,
selection-support decomposition,NIFTY,german,negDP,D0.bce.h200,-0.0064518468813407,-0.0414974891038367,0.0322915218391373,False,
selection-support decomposition,NIFTY,german,negDP,D0.bce.T,-0.0048666484011112,-0.020431733098053,0.0066024665183695,False,
selection-support decomposition,NIFTY,german,negDP,D0.bce.H,-0.0364553548182849,-0.1287587520180071,0.0499845423946587,False,
selection-support decomposition,NIFTY,german,negDP,D0.bce.frz,-0.0608036695488047,-0.1274780499580839,0.004883167814297,False,
selection-support decomposition,NIFTY,german,negEO,D0.bce.S,-0.0300882956787916,-0.1279071378415432,0.0602061904761904,False,
selection-support decomposition,NIFTY,german,negEO,D0.bce.h200,0.0042446404684805,-0.0351073277143303,0.0452945119084867,False,
selection-support decomposition,NIFTY,german,negEO,D0.bce.T,-0.0004387991307634,-0.0097648631188586,0.0077247845804988,False,
selection-support decomposition,NIFTY,german,negEO,D0.bce.H,-0.030527094809555,-0.1285196084253736,0.0595477971188475,False,
selection-support decomposition,NIFTY,german,negEO,D0.bce.frz,-0.0450745400642526,-0.1197304501020266,0.0264483446712017,False,
selection-support decomposition,NIFTY,german,dAUC,D0.bce.S,0.0426273015873016,0.0100415873015873,0.0759714285714285,False,
selection-support decomposition,NIFTY,german,dAUC,D0.bce.h200,-0.0305892063492063,-0.0561970476190475,-0.0070802222222222,False,
selection-support decomposition,NIFTY,german,dAUC,D0.bce.T,0.0025155555555555,-0.0028217142857142,0.0131428888888888,False,
selection-support decomposition,NIFTY,german,dAUC,D0.bce.H,0.0451428571428571,0.0134607936507936,0.0771270793650793,False,
selection-support decomposition,NIFTY,german,dAUC,D0.bce.frz,0.0156774603174603,-0.0035788571428571,0.0335005079365078,False,
selection-support decomposition,NIFTY,german,negDP,D0.tele.common,-0.011318495282452,-0.0472173379762163,0.0286990925278758,False,
selection-support decomposition,NIFTY,german,negDP,D0.tele.m1ext,-0.0803166925390415,-0.1545965979991298,-0.0046801997440216,False,
selection-support decomposition,NIFTY,german,negDP,D0.tele.m0ext,-0.0487279861218679,-0.1449522593284394,0.031618251877965,False,
selection-support decomposition,NIFTY,german,negDP,D0.tele.full,-0.0429072016996256,-0.1172188170531265,0.0316533319886302,False,
selection-support decomposition,NIFTY,german,negEO,D0.tele.common,0.0038058413377171,-0.034585892801565,0.0444445619041055,False,
selection-support decomposition,NIFTY,german,negEO,D0.tele.m1ext,-0.0672435228110156,-0.1265627283825764,-0.0037915787712839,False,
selection-support decomposition,NIFTY,german,negEO,D0.tele.m0ext,-0.037155227132224,-0.125868238851096,0.0336014791631782,False,
selection-support decomposition,NIFTY,german,negEO,D0.tele.full,-0.0262824543410745,-0.105606951108901,0.048612568441827,False,
selection-support decomposition,NIFTY,german,dAUC,D0.tele.common,-0.0280736507936507,-0.0555244126984127,-0.0024047301587301,False,
selection-support decomposition,NIFTY,german,dAUC,D0.tele.m1ext,0.1843098412698413,0.144131746031746,0.2266479682539682,True,
selection-support decomposition,NIFTY,german,dAUC,D0.tele.m0ext,0.1416825396825397,0.1090023492063492,0.1764927301587301,True,
selection-support decomposition,NIFTY,german,dAUC,D0.tele.full,0.0145536507936508,-0.0041717142857142,0.0322706666666666,False,
selection-support decomposition,NIFTY,german,negDP,D0.auc.c200,0.0244118364306515,0.0041051572737405,0.0584215388689878,True,
selection-support decomposition,NIFTY,german,negEO,D0.auc.c200,0.0249078322404612,0.0037781405895691,0.05831190930125,True,
selection-support decomposition,NIFTY,german,dAUC,D0.auc.c200,-0.0071250793650793,-0.0267177142857143,0.0056089523809523,False,
selection-support decomposition,NIFTY,german,negDP,D0.auc.c1000,-0.0285779401962973,-0.110149849044264,0.0550157986236804,False,
selection-support decomposition,NIFTY,german,negEO,D0.auc.c1000,-0.0375962092224596,-0.1124565388257844,0.0300678519513597,False,
selection-support decomposition,NIFTY,german,dAUC,D0.auc.c1000,0.0127225396825396,-0.0038872063492063,0.0289957142857143,False,
selection-support decomposition,NIFTY,german,negDP,D0.auc.S,-0.0529897766269488,-0.1462036254685856,0.0389915604762655,False,
selection-support decomposition,NIFTY,german,negDP,D0.auc.h200,0.024209929978745,0.0042383292383292,0.0582332329860885,True,
selection-support decomposition,NIFTY,german,negDP,D0.auc.T,0.0002019064519064,-0.001044226044226,0.0018518518518518,False,
selection-support decomposition,NIFTY,german,negDP,D0.auc.H,-0.0527878701750423,-0.1462198673822722,0.0403280243329296,False,
selection-support decomposition,NIFTY,german,negDP,D0.auc.frz,-0.0196741281084226,-0.0980588278389263,0.0595399823117034,False,
selection-support decomposition,NIFTY,german,negEO,D0.auc.S,-0.0625040414629208,-0.1490952357600841,0.0152145956160241,False,
selection-support decomposition,NIFTY,german,negEO,D0.auc.h200,0.0255744989071278,0.0043999999999999,0.0587311062131708,True,
selection-support decomposition,NIFTY,german,negEO,D0.auc.T,-0.0006666666666666,-0.0026666666666666,1.3877787807814457e-17,False,
selection-support decomposition,NIFTY,german,negEO,D0.auc.H,-0.0631707081295875,-0.1492093205430812,0.0145333333333333,False,
selection-support decomposition,NIFTY,german,negEO,D0.auc.frz,-0.0350237542120867,-0.1085917534008283,0.0317906203592547,False,
selection-support decomposition,NIFTY,german,dAUC,D0.auc.S,0.019847619047619,-0.0056168571428571,0.0485280317460317,False,
selection-support decomposition,NIFTY,german,dAUC,D0.auc.h200,-0.0070374603174603,-0.0264252063492063,0.0056587936507936,False,
selection-support decomposition,NIFTY,german,dAUC,D0.auc.T,-8.761904761905223e-05,-0.0004571428571428,0.0002387301587301,False,
selection-support decomposition,NIFTY,german,dAUC,D0.auc.H,0.01976,-0.0057020634920634,0.0482772063492063,False,
selection-support decomposition,NIFTY,german,dAUC,D0.auc.frz,0.012671746031746,-0.0047545396825397,0.0291098730158729,False,
selection-support decomposition,NIFTY,german,negDP,D0.fx25,0.0,0.0,0.0,False,
selection-support decomposition,NIFTY,german,negEO,D0.fx25,0.0,0.0,0.0,False,
selection-support decomposition,NIFTY,german,dAUC,D0.fx25,-0.0018006349206349,-0.0035530158730158,-0.0006628571428571,False,
selection-support decomposition,NIFTY,german,negDP,D0.fx50,-0.00038527660097,-0.0029143897996357,0.0013732833957553,False,
selection-support decomposition,NIFTY,german,negEO,D0.fx50,0.0002916666666666,-0.0041666666666666,0.0053333333333333,False,
selection-support decomposition,NIFTY,german,dAUC,D0.fx50,-0.0097650793650793,-0.0354184444444444,0.004877746031746,False,
selection-support decomposition,NIFTY,german,negDP,D0.fx100,0.0157199705970644,-0.0195372755658623,0.0454005003644058,False,
selection-support decomposition,NIFTY,german,negEO,D0.fx100,0.0194864395226175,-0.0173297592788593,0.051724476930252,False,
selection-support decomposition,NIFTY,german,dAUC,D0.fx100,0.0141841269841269,-0.0092445714285714,0.0394951111111111,False,
selection-support decomposition,NIFTY,german,negDP,D0.fx150,0.0035769062616764,-0.0300804353254242,0.0347557859887994,False,
selection-support decomposition,NIFTY,german,negEO,D0.fx150,-0.003390706193825,-0.0423968596720603,0.0359585722653423,False,
selection-support decomposition,NIFTY,german,dAUC,D0.fx150,-0.0289485714285714,-0.0438274285714285,-0.0156088571428571,True,
selection-support decomposition,NIFTY,german,negDP,D0.fx200,-0.005678164997495,-0.0354592004559818,0.0310353060148574,False,
selection-support decomposition,NIFTY,german,negEO,D0.fx200,-0.0050866423342386,-0.0373088064667356,0.0336383734029959,False,
selection-support decomposition,NIFTY,german,dAUC,D0.fx200,-0.0444114285714285,-0.0679532380952381,-0.0234107619047618,True,
selection-support decomposition,NIFTY,german,negDP,D0.fx300,-0.0002889236621111,-0.0392161806089086,0.0411940078777635,False,
selection-support decomposition,NIFTY,german,negEO,D0.fx300,0.0001559783073986,-0.0374295281800663,0.0424021957173827,False,
selection-support decomposition,NIFTY,german,dAUC,D0.fx300,-0.0537866666666666,-0.0830123492063492,-0.0261911746031746,True,
selection-support decomposition,NIFTY,german,negDP,D0.fx400,-0.0657506475194483,-0.123570357643099,-0.0083447091000446,False,
selection-support decomposition,NIFTY,german,negEO,D0.fx400,-0.0517630543292967,-0.1094368217712616,0.0037879179449557,False,
selection-support decomposition,NIFTY,german,dAUC,D0.fx400,-0.0276241269841269,-0.0594623492063491,0.001973873015873,False,
selection-support decomposition,NIFTY,german,negDP,D0.fx600,-0.0751141447173473,-0.1448103780108487,0.0002327117599717,False,
selection-support decomposition,NIFTY,german,negEO,D0.fx600,-0.0615958663075158,-0.1310124672674921,0.0110089258524036,False,
selection-support decomposition,NIFTY,german,dAUC,D0.fx600,-0.0074107936507936,-0.036495746031746,0.0183950158730158,False,
selection-support decomposition,NIFTY,german,negDP,D0.fx800,-0.048575496528463,-0.1264525020887426,0.0282055742683047,False,
selection-support decomposition,NIFTY,german,negEO,D0.fx800,-0.041107571840793,-0.1315716399955372,0.0344224310835444,False,
selection-support decomposition,NIFTY,german,dAUC,D0.fx800,-0.0023707936507936,-0.028863238095238,0.0240897142857142,False,
selection-support decomposition,NIFTY,german,negDP,D0.fx1000,-0.0837537317871713,-0.1523774693535734,-0.014882219266585,True,
selection-support decomposition,NIFTY,german,negEO,D0.fx1000,-0.0686902944925014,-0.1473036402827975,-0.0006993411809167,False,
selection-support decomposition,NIFTY,german,dAUC,D0.fx1000,-0.0028431746031746,-0.0380539365079364,0.0287570793650793,False,
selection-support decomposition,NIFTY,german,negDP,D0.L,-0.0736873616314092,-0.1501048053586937,0.0036390408765928,False,
selection-support decomposition,NIFTY,german,negEO,D0.L,-0.0608009412117881,-0.1455501167257683,0.0171143198390467,False,
selection-support decomposition,NIFTY,german,dAUC,D0.L,0.015517037037037,-0.016956656084656,0.050529746031746,False,
selection-support decomposition,NIFTY,german,negDP,D1.bce.c200,0.0288130082436512,-0.0067404107496763,0.0725642344698082,False,
selection-support decomposition,NIFTY,german,negEO,D1.bce.c200,0.0296963720239869,-0.002061603501773,0.0667317752692093,False,
selection-support decomposition,NIFTY,german,dAUC,D1.bce.c200,-0.0233942857142857,-0.0452770158730158,-0.0051933333333333,False,
selection-support decomposition,NIFTY,german,negDP,D1.bce.c1000,-0.1479522525568953,-0.2207440753864306,-0.0747746991025558,True,
selection-support decomposition,NIFTY,german,negEO,D1.bce.c1000,-0.1222890958924941,-0.1876441953204154,-0.0606546299756604,True,
selection-support decomposition,NIFTY,german,dAUC,D1.bce.c1000,0.0488355555555555,0.0261762222222222,0.0691233015873015,True,
selection-support decomposition,NIFTY,german,negDP,D1.bce.S,-0.1767652608005466,-0.2471083833519587,-0.1015446212311069,True,
selection-support decomposition,NIFTY,german,negDP,D1.bce.h200,0.028836245042051,-0.0065705402236641,0.0732340074117142,False,
selection-support decomposition,NIFTY,german,negDP,D1.bce.T,-2.323679839981429e-05,-0.0070713136150071,0.0064252310292498,False,
selection-support decomposition,NIFTY,german,negDP,D1.bce.H,-0.1767884975989465,-0.2488391074811393,-0.1027278866971946,True,
selection-support decomposition,NIFTY,german,negDP,D1.bce.frz,-0.1510232476122943,-0.2242361571819782,-0.0805760200588961,True,
selection-support decomposition,NIFTY,german,negEO,D1.bce.S,-0.151985467916481,-0.2155424025576542,-0.0881007504575412,True,
selection-support decomposition,NIFTY,german,negEO,D1.bce.h200,0.0294506114975541,-0.0010236015573487,0.0651754304350286,False,
selection-support decomposition,NIFTY,german,negEO,D1.bce.T,0.0002457605264328,-0.0041333333333333,0.0053554497354497,False,
selection-support decomposition,NIFTY,german,negEO,D1.bce.H,-0.1517397073900482,-0.2148508189366171,-0.0881891232048375,True,
selection-support decomposition,NIFTY,german,negEO,D1.bce.frz,-0.12220322267796,-0.1865168276199368,-0.0624438127473211,True,
selection-support decomposition,NIFTY,german,dAUC,D1.bce.S,0.0722298412698412,0.0434726031746031,0.0981385396825396,True,
selection-support decomposition,NIFTY,german,dAUC,D1.bce.h200,-0.0231847619047619,-0.0450961587301587,-0.0049267619047619,False,
selection-support decomposition,NIFTY,german,dAUC,D1.bce.T,-0.0002095238095238,-0.001493365079365,0.0011225714285714,False,
selection-support decomposition,NIFTY,german,dAUC,D1.bce.H,0.0720203174603174,0.0431403174603174,0.0977577142857142,True,
selection-support decomposition,NIFTY,german,dAUC,D1.bce.frz,0.0505422222222222,0.0270612698412698,0.0716525714285714,True,
selection-support decomposition,NIFTY,german,negDP,D1.tele.common,0.0288130082436512,-0.0067404107496763,0.0725642344698082,False,
selection-support decomposition,NIFTY,german,negDP,D1.tele.m1ext,-0.0816653461391247,-0.1436702712023616,-0.0307030665838514,True,
selection-support decomposition,NIFTY,german,negDP,D1.tele.m0ext,0.0950999146614219,0.047210448580383,0.1526792078734327,True,
selection-support decomposition,NIFTY,german,negDP,D1.tele.full,-0.1479522525568953,-0.2207440753864306,-0.0747746991025558,True,
selection-support decomposition,NIFTY,german,negEO,D1.tele.common,0.0296963720239869,-0.002061603501773,0.0667317752692093,False,
selection-support decomposition,NIFTY,german,negEO,D1.tele.m1ext,-0.0567262604155137,-0.1103495153136609,-0.0118878480514546,False,
selection-support decomposition,NIFTY,german,negEO,D1.tele.m0ext,0.0952592075009673,0.0545999147436752,0.1434617616421568,True,
selection-support decomposition,NIFTY,german,negEO,D1.tele.full,-0.1222890958924941,-0.1876441953204154,-0.0606546299756604,True,
selection-support decomposition,NIFTY,german,dAUC,D1.tele.common,-0.0233942857142857,-0.0452770158730158,-0.0051933333333333,False,
selection-support decomposition,NIFTY,german,dAUC,D1.tele.m1ext,0.1767365079365079,0.1323184761904761,0.2194094285714285,True,
selection-support decomposition,NIFTY,german,dAUC,D1.tele.m0ext,0.1045066666666666,0.0620656507936507,0.1471600634920634,True,
selection-support decomposition,NIFTY,german,dAUC,D1.tele.full,0.0488355555555555,0.0261762222222222,0.0691233015873015,True,
selection-support decomposition,NIFTY,german,negDP,D1.auc.c200,0.0096680227057902,-0.0012987656506741,0.0267524423556276,False,
selection-support decomposition,NIFTY,german,negEO,D1.auc.c200,0.0087326457769869,-0.0015906273620559,0.024981424399547,False,
selection-support decomposition,NIFTY,german,dAUC,D1.auc.c200,-0.0059657142857142,-0.0207164444444444,0.0031670476190476,False,
selection-support decomposition,NIFTY,german,negDP,D1.auc.c1000,-0.0289727710137897,-0.0960858689141659,0.0352092016037669,False,
selection-support decomposition,NIFTY,german,negEO,D1.auc.c1000,-0.030406098792945,-0.0902809211842242,0.0219335044617728,False,
selection-support decomposition,NIFTY,german,dAUC,D1.auc.c1000,0.002359365079365,-0.0122502857142857,0.0167826666666666,False,
selection-support decomposition,NIFTY,german,negDP,D1.auc.S,-0.03864079371958,-0.1071728390803604,0.0284412011753363,False,
selection-support decomposition,NIFTY,german,negDP,D1.auc.h200,0.009454347492115,-0.0012987656506741,0.0259597864537417,False,
selection-support decomposition,NIFTY,german,negDP,D1.auc.T,0.0002136752136752,-6.0715321659188256e-18,0.0008547008547008,False,
selection-support decomposition,NIFTY,german,negDP,D1.auc.H,-0.0384271185059048,-0.106766973603344,0.0284850608666387,False,
selection-support decomposition,NIFTY,german,negDP,D1.auc.frz,-0.0199825815291569,-0.0917751700127871,0.0489703643633163,False,
selection-support decomposition,NIFTY,german,negEO,D1.auc.S,-0.0391387445699319,-0.098076849529262,0.0144006582633053,False,
selection-support decomposition,NIFTY,german,negEO,D1.auc.h200,0.0084525337321689,-0.0015906273620559,0.0240492997198879,False,
selection-support decomposition,NIFTY,german,negEO,D1.auc.T,0.0002801120448179,-9.020562075079397e-18,0.0011204481792717,False,
selection-support decomposition,NIFTY,german,negEO,D1.auc.H,-0.038858632525114,-0.0976886082028851,0.0144311834733892,False,
selection-support decomposition,NIFTY,german,negEO,D1.auc.frz,-0.0195096478898888,-0.0780160448510077,0.0341200680272108,False,
selection-support decomposition,NIFTY,german,dAUC,D1.auc.S,0.0083250793650793,-0.0126408253968254,0.0296813333333333,False,
selection-support decomposition,NIFTY,german,dAUC,D1.auc.h200,-0.0061371428571428,-0.0208306666666666,0.0029740952380952,False,
selection-support decomposition,NIFTY,german,dAUC,D1.auc.T,0.0001714285714285,-1.0158730158753709e-05,0.0006133333333333,False,
selection-support decomposition,NIFTY,german,dAUC,D1.auc.H,0.0084965079365079,-0.0125619365079365,0.0298251111111111,False,
selection-support decomposition,NIFTY,german,dAUC,D1.auc.frz,0.0034438095238095,-0.0130260952380952,0.018707492063492,False,
selection-support decomposition,NIFTY,german,negDP,D1.fx25,0.0,0.0,0.0,False,
selection-support decomposition,NIFTY,german,negEO,D1.fx25,0.0,0.0,0.0,False,
selection-support decomposition,NIFTY,german,dAUC,D1.fx25,-0.0016736507936507,-0.0034184126984126,-0.0006222222222222,False,
selection-support decomposition,NIFTY,german,negDP,D1.fx50,0.0,0.0,0.0,False,
selection-support decomposition,NIFTY,german,negEO,D1.fx50,0.0,0.0,0.0,False,
selection-support decomposition,NIFTY,german,dAUC,D1.fx50,-0.0053003174603174,-0.0118275555555555,-0.0011783492063492,False,
selection-support decomposition,NIFTY,german,negDP,D1.fx100,0.0154114666176127,-0.0113973696992111,0.0402527109964754,False,
selection-support decomposition,NIFTY,german,negEO,D1.fx100,0.0188855674361943,-0.0095478152505091,0.0444552604166666,False,
selection-support decomposition,NIFTY,german,dAUC,D1.fx100,0.0126082539682539,-0.0097678412698412,0.0369425396825396,False,
selection-support decomposition,NIFTY,german,negDP,D1.fx150,-0.0056058214256176,-0.036100307908692,0.021084006456383,False,
selection-support decomposition,NIFTY,german,negEO,D1.fx150,-0.0037410951378187,-0.0366106000297577,0.0265846415232759,False,
selection-support decomposition,NIFTY,german,dAUC,D1.fx150,-0.0292038095238095,-0.044873873015873,-0.0151567301587301,True,
selection-support decomposition,NIFTY,german,negDP,D1.fx200,0.0011541094134406,-0.0396860434332474,0.0544919993623423,False,
selection-support decomposition,NIFTY,german,negEO,D1.fx200,-0.0015650128431987,-0.0431539922660849,0.0479773830622674,False,
selection-support decomposition,NIFTY,german,dAUC,D1.fx200,-0.0389777777777777,-0.0597663809523809,-0.0206018095238095,True,
selection-support decomposition,NIFTY,german,negDP,D1.fx300,0.0041360982818258,-0.0305289872057629,0.0448958485733974,False,
selection-support decomposition,NIFTY,german,negEO,D1.fx300,0.0124385706587599,-0.0280475791594711,0.0577086545729402,False,
selection-support decomposition,NIFTY,german,dAUC,D1.fx300,-0.056487619047619,-0.0872000634920634,-0.0268330158730158,True,
selection-support decomposition,NIFTY,german,negDP,D1.fx400,0.0060314085962638,-0.0347392386200652,0.0515345486797974,False,
selection-support decomposition,NIFTY,german,negEO,D1.fx400,0.0079060256253801,-0.0286383337556358,0.0467533610633969,False,
selection-support decomposition,NIFTY,german,dAUC,D1.fx400,-0.0521346031746031,-0.0874529523809524,-0.0165987619047619,False,
selection-support decomposition,NIFTY,german,negDP,D1.fx600,-0.0457328108624348,-0.0946697001374798,0.0006877924479076,False,
selection-support decomposition,NIFTY,german,negEO,D1.fx600,-0.0406492363789487,-0.0876275179539901,0.0006236781954211,False,
selection-support decomposition,NIFTY,german,dAUC,D1.fx600,-0.0230920634920635,-0.0518704761904761,0.002597365079365,False,
selection-support decomposition,NIFTY,german,negDP,D1.fx800,-0.0116522338385081,-0.0504760509967727,0.0253417243670219,False,
selection-support decomposition,NIFTY,german,negEO,D1.fx800,0.0055102065648954,-0.0304006731070087,0.0389710555652521,False,
selection-support decomposition,NIFTY,german,dAUC,D1.fx800,-0.026519365079365,-0.0526532698412698,-0.0023666984126984,False,
selection-support decomposition,NIFTY,german,negDP,D1.fx1000,-0.0609027387086478,-0.1130794226751998,-0.0073340188193919,True,
selection-support decomposition,NIFTY,german,negEO,D1.fx1000,-0.0441509963678142,-0.102278337356219,0.0074652154195011,False,
selection-support decomposition,NIFTY,german,dAUC,D1.fx1000,-0.0037028571428571,-0.0372533968253968,0.0252000952380952,False,
selection-support decomposition,NIFTY,german,negDP,D1.L,-0.0430825126716755,-0.0879471024339924,0.0017840569744513,False,
selection-support decomposition,NIFTY,german,negEO,D1.L,-0.0309564952123481,-0.0773662879846087,0.0158281853111615,False,
selection-support decomposition,NIFTY,german,dAUC,D1.L,0.0007530158730158,-0.0289381481481481,0.0294299259259259,False,
selection-support decomposition,FairGB,bail,negDP,bce.cap,-0.0659174581160907,-0.1216731601248412,-0.014347423694796,False,
selection-support decomposition,FairGB,bail,negDP,bce.full,-0.0189338514995949,-0.0520115427950239,0.010187473536853,False,
selection-support decomposition,FairGB,bail,negDP,bce.h200,-0.0596784788230641,-0.1073534693553509,-0.0149651121683402,False,
selection-support decomposition,FairGB,bail,negDP,bce.S,0.0469836066164958,0.0186628719772306,0.0764192222158831,True,
selection-support decomposition,FairGB,bail,negDP,bce.T,-0.0062389792930266,-0.0244732719434589,0.0092723026899057,False,
selection-support decomposition,FairGB,bail,negDP,bce.Hshift,0.0407446273234692,0.0198401601898412,0.0632413078940348,True,
selection-support decomposition,FairGB,bail,negDP,bce.E1,0.0464357920277887,0.0176211473983425,0.0762648301996275,True,
selection-support decomposition,FairGB,bail,negDP,bce.E0,-0.0005478145887071,-0.0021912583548284,0.0,False,
selection-support decomposition,FairGB,bail,negEO,bce.cap,-0.0716382251622545,-0.1201320442118717,-0.0271664082359945,True,
selection-support decomposition,FairGB,bail,negEO,bce.full,-0.013146644161089,-0.0399286316627411,0.0099044912947052,False,
selection-support decomposition,FairGB,bail,negEO,bce.h200,-0.0654411114118265,-0.1112043659844102,-0.0226914894210639,True,
selection-support decomposition,FairGB,bail,negEO,bce.S,0.0584915810011654,0.0255748252214927,0.0899465530837146,True,
selection-support decomposition,FairGB,bail,negEO,bce.T,-0.006197113750428,-0.0242473208925126,0.0084357390659772,False,
selection-support decomposition,FairGB,bail,negEO,bce.Hshift,0.0522944672507374,0.0231637183015368,0.0798386103232755,True,
selection-support decomposition,FairGB,bail,negEO,bce.E1,0.0592801114671153,0.0274906505799687,0.0900056134365373,True,
selection-support decomposition,FairGB,bail,negEO,bce.E0,0.0007885304659498,0.0,0.0031541218637992,False,
selection-support decomposition,FairGB,bail,dAUC,bce.cap,0.0203542769323859,0.0099071303081878,0.0311481044946577,True,
selection-support decomposition,FairGB,bail,dAUC,bce.full,0.0642897229543508,0.0575931728587659,0.0708642119597936,True,
selection-support decomposition,FairGB,bail,dAUC,bce.h200,0.0194660894329599,0.00715888751264,0.0309879749461489,True,
selection-support decomposition,FairGB,bail,dAUC,bce.S,0.0439354460219648,0.0377464326425048,0.0512580175422619,True,
selection-support decomposition,FairGB,bail,dAUC,bce.T,0.000888187499426,-0.0038721366626565,0.0066510004365986,False,
selection-support decomposition,FairGB,bail,dAUC,bce.Hshift,0.0448236335213909,0.0363928229644017,0.0553900175500423,True,
selection-support decomposition,FairGB,bail,dAUC,bce.E1,0.0434037726564485,0.0366367479227443,0.0509718430841647,True,
selection-support decomposition,FairGB,bail,dAUC,bce.E0,-0.0005316733655163,-0.002126626499078,3.18871368643984e-08,False,
selection-support decomposition,FairGB,bail,negDP,auc.cap,-0.0854561168269503,-0.1464757974398631,-0.0297244740103437,True,
selection-support decomposition,FairGB,bail,negDP,auc.full,-0.0121429862332547,-0.0460290233914749,0.0142446021620836,False,
selection-support decomposition,FairGB,bail,negDP,auc.h200,-0.0813543739185739,-0.1349446199992199,-0.0334068597450293,True,
selection-support decomposition,FairGB,bail,negDP,auc.S,0.0733131305936955,0.0205725081724418,0.1331549289773757,False,
selection-support decomposition,FairGB,bail,negDP,auc.T,-0.0041017429083763,-0.0254965099022488,0.0182570121128931,False,
selection-support decomposition,FairGB,bail,negDP,auc.Hshift,0.0692113876853192,0.0284833777622355,0.1184890825948078,True,
selection-support decomposition,FairGB,bail,negDP,auc.E1,0.0729111630332181,0.0232393875857198,0.1291551700179107,True,
selection-support decomposition,FairGB,bail,negDP,auc.E0,-0.0004019675604773,-0.0104517536926132,0.009778219124458,False,
selection-support decomposition,FairGB,bail,negEO,auc.cap,-0.0680236385094493,-0.1111474332923303,-0.0300374501265238,True,
selection-support decomposition,FairGB,bail,negEO,auc.full,-0.0246740068734753,-0.0467150306388512,-0.0077361777251555,True,
selection-support decomposition,FairGB,bail,negEO,auc.h200,-0.0711108714263121,-0.1074700469471328,-0.0380898169681144,True,
selection-support decomposition,FairGB,bail,negEO,auc.S,0.0433496316359739,0.0081715429064258,0.0831904965272966,False,
selection-support decomposition,FairGB,bail,negEO,auc.T,0.0030872329168628,-0.0115573504038376,0.0169314019284725,False,
selection-support decomposition,FairGB,bail,negEO,auc.Hshift,0.0464368645528367,0.0148638940757257,0.0782054459951089,True,
selection-support decomposition,FairGB,bail,negEO,auc.E1,0.0433254137351154,0.0176921145432974,0.0722328501646134,True,
selection-support decomposition,FairGB,bail,negEO,auc.E0,-2.4217900858536367e-05,-0.0145177917117438,0.012235783737789,False,
selection-support decomposition,FairGB,bail,dAUC,auc.cap,0.0143771192191171,0.0042545865182205,0.0246067114674562,True,
selection-support decomposition,FairGB,bail,dAUC,auc.full,0.0432268245564626,0.0388827387370805,0.0481395813499534,True,
selection-support decomposition,FairGB,bail,dAUC,auc.h200,0.0132692644224244,0.0022235812519961,0.0244312257115677,True,
selection-support decomposition,FairGB,bail,dAUC,auc.S,0.0288497053373455,0.0206330577997722,0.0377137987885949,True,
selection-support decomposition,FairGB,bail,dAUC,auc.T,0.0011078547966927,-0.0018616901496297,0.0041109888558283,False,
selection-support decomposition,FairGB,bail,dAUC,auc.Hshift,0.0299575601340382,0.0205711262836485,0.0399227990892268,True,
selection-support decomposition,FairGB,bail,dAUC,auc.E1,0.0443724911200701,0.0361876480519765,0.0546250513542339,True,
selection-support decomposition,FairGB,bail,dAUC,auc.E0,0.0155227857827246,0.0108132095206827,0.0213616563970953,True,
selection-support decomposition,FairGB,bail,negDP,fx25,0.0070647597067156,-0.0321798014485028,0.0480131389109004,False,
selection-support decomposition,FairGB,bail,negEO,fx25,-0.0113219420271527,-0.0329590751500152,0.0112923220943883,False,
selection-support decomposition,FairGB,bail,dAUC,fx25,-0.0221969612323842,-0.0361069614785529,-0.0104018423367301,True,
selection-support decomposition,FairGB,bail,negDP,fx50,-0.0354361415405738,-0.0845507076829354,0.0122981549911847,False,
selection-support decomposition,FairGB,bail,negEO,fx50,-0.0232295477883624,-0.0481457660100526,0.001280657182901,False,
selection-support decomposition,FairGB,bail,dAUC,fx50,-0.0164509182985227,-0.0262272374470546,-0.0061145017500936,True,
selection-support decomposition,FairGB,bail,negDP,fx100,-0.0854445741979051,-0.1433683248648628,-0.0374431488960378,True,
selection-support decomposition,FairGB,bail,negEO,fx100,-0.0729527944730778,-0.1121952720636451,-0.0378721412144947,True,
selection-support decomposition,FairGB,bail,dAUC,fx100,-0.0074016804776233,-0.0232510519247585,0.0074193138251656,False,
selection-support decomposition,FairGB,bail,negDP,fx150,-0.1093659797021924,-0.16864230015048,-0.0571708534655818,True,
selection-support decomposition,FairGB,bail,negEO,fx150,-0.067515522829663,-0.1146618508355756,-0.0264905954069753,True,
selection-support decomposition,FairGB,bail,dAUC,fx150,0.0095953337384275,1.6999590696729737e-05,0.0205169046786337,False,
selection-support decomposition,FairGB,bail,negDP,fx200,-0.1535003021520023,-0.2199933677600535,-0.091778616577583,True,
selection-support decomposition,FairGB,bail,negEO,fx200,-0.0827292162487757,-0.114639094331832,-0.0544494285625841,True,
selection-support decomposition,FairGB,bail,dAUC,fx200,0.0138135619054324,-0.0023566025888273,0.02951793496797,False,
selection-support decomposition,FairGB,bail,negDP,fx300,-0.103311579511432,-0.1660993501081263,-0.0455094725580619,True,
selection-support decomposition,FairGB,bail,negEO,fx300,-0.0499384733306954,-0.0812399166505192,-0.0219806341265776,True,
selection-support decomposition,FairGB,bail,dAUC,fx300,0.0284230108038721,0.0172845304848681,0.039924440878187,True,
selection-support decomposition,FairGB,bail,negDP,fx500,-0.0573757705629715,-0.1205254428653747,-0.0060182229146392,False,
selection-support decomposition,FairGB,bail,negEO,fx500,-0.0337029130207618,-0.058462559286671,-0.0108982920883818,False,
selection-support decomposition,FairGB,bail,dAUC,fx500,0.0417938517008343,0.0335760528781839,0.054100518714433,True,
selection-support decomposition,FairGB,bail,negDP,fx750,-0.0589533575428868,-0.1008684593994081,-0.0189155469965658,False,
selection-support decomposition,FairGB,bail,negEO,fx750,-0.0235035063776878,-0.0433583525691195,-0.0065124579562811,False,
selection-support decomposition,FairGB,bail,dAUC,fx750,0.0458219496254664,0.0321461939609079,0.0633412525037779,True,
selection-support decomposition,FairGB,bail,negDP,fx1000,-0.0309064763173679,-0.0818456296095956,0.0056142627387685,False,
selection-support decomposition,FairGB,bail,negEO,fx1000,-0.0313173529836363,-0.0607102431891086,-0.0102216327387834,False,
selection-support decomposition,FairGB,bail,dAUC,fx1000,0.0435227180544458,0.0381517049191137,0.0496777889318982,True,
selection-support decomposition,FairGB,bail,negDP,fx1250,-0.0030074358490365,-0.0319809418935316,0.0188605599232122,False,
selection-support decomposition,FairGB,bail,negEO,fx1250,-0.0236576255300065,-0.0443408895515782,-0.007170947274483,False,
selection-support decomposition,FairGB,bail,dAUC,fx1250,0.0450948368092863,0.0395582007689391,0.0505445108876715,True,
selection-support decomposition,FairGB,bail,negDP,fx1499,-0.0179839260772714,-0.054867942292968,0.0127252726047351,False,
selection-support decomposition,FairGB,bail,negEO,fx1499,-0.0244318626991817,-0.049158533835745,-0.0045022341975722,False,
selection-support decomposition,FairGB,bail,dAUC,fx1499,0.0353266205808254,0.0219756986216593,0.0458529374653705,True,
