method,dataset,selector,coordinate,step,from_stage,to_stage,lambda1_fairness,lambda2_propagation,mean,lo,hi,resolved
FMP,pokec_z,last,dAUC,prop,base,+propagation,0.0,0.01,-0.0001463508963333,-0.0018901307607052,0.001689156951243,False
FMP,pokec_z,last,negDP,prop,base,+propagation,0.0,0.01,0.0021488990888874,-0.0045669454393165,0.0094204089415891,False
FMP,pokec_z,last,negEO,prop,base,+propagation,0.0,0.01,0.0013709763358636,-0.0075102125150637,0.0097005425981775,False
FMP,pokec_z,last,dAUC,fair,+propagation,+propagation+fairness,5.0,0.01,0.0001304161684726,-0.0018256765619247,0.0017609620402769,False
FMP,pokec_z,last,dAUC,total,base,+propagation+fairness,5.0,0.01,-1.593472786064476e-05,-0.0016500368589049,0.0016895022795564,False
FMP,pokec_z,last,negDP,fair,+propagation,+propagation+fairness,5.0,0.01,-0.0016531980271338,-0.0062212398233089,0.0027543021894256,False
FMP,pokec_z,last,negDP,total,base,+propagation+fairness,5.0,0.01,0.0004957010617536,-0.0082819153314218,0.0084445941251552,False
FMP,pokec_z,last,negEO,fair,+propagation,+propagation+fairness,5.0,0.01,-0.0014490449602509,-0.0112120306867166,0.008226809954374,False
FMP,pokec_z,last,negEO,total,base,+propagation+fairness,5.0,0.01,-7.806862438726724e-05,-0.0069983152966633,0.0069315668664951,False
FMP,pokec_z,last,dAUC,fair,+propagation,+propagation+fairness,30.0,0.01,0.0008032349277481,-0.0004344893231568,0.0021249454387004,False
FMP,pokec_z,last,dAUC,total,base,+propagation+fairness,30.0,0.01,0.0006568840314148,-0.0013357273516097,0.0026098122289287,False
FMP,pokec_z,last,negDP,fair,+propagation,+propagation+fairness,30.0,0.01,-0.0022282782276486,-0.0071713766326795,0.0024634530968711,False
FMP,pokec_z,last,negDP,total,base,+propagation+fairness,30.0,0.01,-7.93791387611356e-05,-0.0083820222178162,0.0071362641738437,False
FMP,pokec_z,last,negEO,fair,+propagation,+propagation+fairness,30.0,0.01,-2.43852165596933e-05,-0.0080637676591456,0.0076452468580167,False
FMP,pokec_z,last,negEO,total,base,+propagation+fairness,30.0,0.01,0.0013465911193039,-0.0056972818947141,0.0083410877725307,False
FMP,pokec_z,last,dAUC,prop,base,+propagation,0.0,20.0,-0.0060751941440692,-0.0153474823247587,0.0024821712918143,False
FMP,pokec_z,last,negDP,prop,base,+propagation,0.0,20.0,-0.0584993804405458,-0.0846870976197176,-0.0412363606322356,True
FMP,pokec_z,last,negEO,prop,base,+propagation,0.0,20.0,-0.0571687337427997,-0.0903191577111569,-0.029946651362145,True
FMP,pokec_z,last,dAUC,fair,+propagation,+propagation+fairness,5.0,20.0,0.0001737649664113,-2.9299258249800005e-05,0.0004194579513907,False
FMP,pokec_z,last,dAUC,total,base,+propagation+fairness,5.0,20.0,-0.0059014291776579,-0.0150300064054899,0.0025312730641492,False
FMP,pokec_z,last,negDP,fair,+propagation,+propagation+fairness,5.0,20.0,-0.0005019069656102,-0.0029108310708409,0.002464780069153,False
FMP,pokec_z,last,negDP,total,base,+propagation+fairness,5.0,20.0,-0.0590012874061561,-0.0841658640207996,-0.0425776096949457,True
FMP,pokec_z,last,negEO,fair,+propagation,+propagation+fairness,5.0,20.0,0.0003916613761913,-0.0021910956564018,0.0032654668948951,False
FMP,pokec_z,last,negEO,total,base,+propagation+fairness,5.0,20.0,-0.0567770723666083,-0.0900668540455973,-0.0286910508116635,True
FMP,pokec_z,last,dAUC,fair,+propagation,+propagation+fairness,30.0,20.0,0.0001710551565182,-6.641448924256286e-05,0.0004186493125962,False
FMP,pokec_z,last,dAUC,total,base,+propagation+fairness,30.0,20.0,-0.005904138987551,-0.0150368496885011,0.0025752002884364,False
FMP,pokec_z,last,negDP,fair,+propagation,+propagation+fairness,30.0,20.0,-0.003248273834072,-0.0061956603776159,0.0002343781784631,False
FMP,pokec_z,last,negDP,total,base,+propagation+fairness,30.0,20.0,-0.0617476542746179,-0.0878518582296609,-0.0444845919464924,True
FMP,pokec_z,last,negEO,fair,+propagation,+propagation+fairness,30.0,20.0,-0.0012524640841869,-0.0045708847942297,0.0022385524684338,False
FMP,pokec_z,last,negEO,total,base,+propagation+fairness,30.0,20.0,-0.0584211978269866,-0.0920513741165885,-0.0301752287409498,True
FMP,pokec_z,bce,dAUC,prop,base,+propagation,0.0,0.01,0.000568003952674,-0.0007044733468114,0.0018826454352792,False
FMP,pokec_z,bce,negDP,prop,base,+propagation,0.0,0.01,0.0006515919894352,-0.004081607069097,0.0055514450737064,False
FMP,pokec_z,bce,negEO,prop,base,+propagation,0.0,0.01,0.0014765276978535,-0.0033475449333845,0.0058525183130292,False
FMP,pokec_z,bce,dAUC,fair,+propagation,+propagation+fairness,5.0,0.01,-0.0005246978107713,-0.0016834461379584,0.0005430363499064,False
FMP,pokec_z,bce,dAUC,total,base,+propagation+fairness,5.0,0.01,4.3306141902747326e-05,-0.0015465844230647,0.0012853823330697,False
FMP,pokec_z,bce,negDP,fair,+propagation,+propagation+fairness,5.0,0.01,-0.0009768162123118,-0.0030249645554603,0.0010043620963768,False
FMP,pokec_z,bce,negDP,total,base,+propagation+fairness,5.0,0.01,-0.0003252242228766,-0.0047346510854484,0.0044660870344652,False
FMP,pokec_z,bce,negEO,fair,+propagation,+propagation+fairness,5.0,0.01,0.0003314399158592,-0.0036084069049513,0.0042803293503448,False
FMP,pokec_z,bce,negEO,total,base,+propagation+fairness,5.0,0.01,0.0018079676137128,-0.0038807103929387,0.007681334684414,False
FMP,pokec_z,bce,dAUC,fair,+propagation,+propagation+fairness,30.0,0.01,-4.339031705543247e-06,-0.0012269375865586,0.000957988302338,False
FMP,pokec_z,bce,dAUC,total,base,+propagation+fairness,30.0,0.01,0.0005636649209685,-0.0010991596186346,0.0019825740565778,False
FMP,pokec_z,bce,negDP,fair,+propagation,+propagation+fairness,30.0,0.01,-0.0014755945535281,-0.004642498165613,0.0013965033149715,False
FMP,pokec_z,bce,negDP,total,base,+propagation+fairness,30.0,0.01,-0.0008240025640929,-0.0043352585818806,0.0033900582983018,False
FMP,pokec_z,bce,negEO,fair,+propagation,+propagation+fairness,30.0,0.01,0.0009546755563744,-0.003639992116989,0.0060243194603232,False
FMP,pokec_z,bce,negEO,total,base,+propagation+fairness,30.0,0.01,0.002431203254228,-0.0029994559767909,0.0084434465070161,False
FMP,pokec_z,bce,dAUC,prop,base,+propagation,0.0,20.0,-0.0033972678116891,-0.0096903837116542,0.0023422387712141,False
FMP,pokec_z,bce,negDP,prop,base,+propagation,0.0,20.0,-0.054748527227635,-0.0840534489289523,-0.0349695857529164,True
FMP,pokec_z,bce,negEO,prop,base,+propagation,0.0,20.0,-0.0540204642965114,-0.0868408829736446,-0.030315254932437,True
FMP,pokec_z,bce,dAUC,fair,+propagation,+propagation+fairness,5.0,20.0,9.888905875752308e-05,-3.230074608944506e-05,0.0002405233186871,False
FMP,pokec_z,bce,dAUC,total,base,+propagation+fairness,5.0,20.0,-0.0032983787529316,-0.0095859661592538,0.0024297879492468,False
FMP,pokec_z,bce,negDP,fair,+propagation,+propagation+fairness,5.0,20.0,-0.0020594879962307,-0.003652833357978,-0.0002063425747385,False
FMP,pokec_z,bce,negDP,total,base,+propagation+fairness,5.0,20.0,-0.0568080152238657,-0.084754214303455,-0.0379131139483069,True
FMP,pokec_z,bce,negEO,fair,+propagation,+propagation+fairness,5.0,20.0,-0.00167325120875,-0.0037000946668125,0.0003770767830596,False
FMP,pokec_z,bce,negEO,total,base,+propagation+fairness,5.0,20.0,-0.0556937155052614,-0.0871411925249221,-0.0320474334580202,True
FMP,pokec_z,bce,dAUC,fair,+propagation,+propagation+fairness,30.0,20.0,0.0001064500397678,-0.0002516561529854,0.0004384883520027,False
FMP,pokec_z,bce,dAUC,total,base,+propagation+fairness,30.0,20.0,-0.0032908177719212,-0.009470904390676,0.0023502780133072,False
FMP,pokec_z,bce,negDP,fair,+propagation,+propagation+fairness,30.0,20.0,-0.0019797177637226,-0.0039658962762338,0.0001327892844375,False
FMP,pokec_z,bce,negDP,total,base,+propagation+fairness,30.0,20.0,-0.0567282449913576,-0.0852911980897511,-0.0376598314958557,True
FMP,pokec_z,bce,negEO,fair,+propagation,+propagation+fairness,30.0,20.0,-0.0017689930633835,-0.0056274206873439,0.0012389258630665,False
FMP,pokec_z,bce,negEO,total,base,+propagation+fairness,30.0,20.0,-0.055789457359895,-0.0876465194692667,-0.0330352602492632,True
FMP,pokec_z,auc,dAUC,prop,base,+propagation,0.0,0.01,0.0005833867195765,-0.0007357053420534,0.0020250291517443,False
FMP,pokec_z,auc,negDP,prop,base,+propagation,0.0,0.01,0.0010361939456223,-0.0052725076080125,0.0079409853559314,False
FMP,pokec_z,auc,negEO,prop,base,+propagation,0.0,0.01,-0.0012984275980653,-0.0063756215565188,0.0042070637709939,False
FMP,pokec_z,auc,dAUC,fair,+propagation,+propagation+fairness,5.0,0.01,-0.0007472816255025,-0.002138774021003,0.000450965834012,False
FMP,pokec_z,auc,dAUC,total,base,+propagation+fairness,5.0,0.01,-0.0001638949059259,-0.001164576671255,0.0007228848853088,False
FMP,pokec_z,auc,negDP,fair,+propagation,+propagation+fairness,5.0,0.01,-0.0013058159710461,-0.0071768621860582,0.0035542677436476,False
FMP,pokec_z,auc,negDP,total,base,+propagation+fairness,5.0,0.01,-0.0002696220254237,-0.0079792783987846,0.0073705827718681,False
FMP,pokec_z,auc,negEO,fair,+propagation,+propagation+fairness,5.0,0.01,0.0011646852485881,-0.0072446509681683,0.0083656256251487,False
FMP,pokec_z,auc,negEO,total,base,+propagation+fairness,5.0,0.01,-0.0001337423494772,-0.0078325668158222,0.0071715607191729,False
FMP,pokec_z,auc,dAUC,fair,+propagation,+propagation+fairness,30.0,0.01,-0.0002327326612587,-0.0013434304733931,0.0007503438151135,False
FMP,pokec_z,auc,dAUC,total,base,+propagation+fairness,30.0,0.01,0.0003506540583177,-0.0008813744211751,0.0016619478488851,False
FMP,pokec_z,auc,negDP,fair,+propagation,+propagation+fairness,30.0,0.01,-0.0010290873307693,-0.0065577843608085,0.0039279049618401,False
FMP,pokec_z,auc,negDP,total,base,+propagation+fairness,30.0,0.01,7.106614852996016e-06,-0.0067667004851905,0.0074056128549462,False
FMP,pokec_z,auc,negEO,fair,+propagation,+propagation+fairness,30.0,0.01,0.0033341738019428,-0.0034999911741167,0.0098345048075319,False
FMP,pokec_z,auc,negEO,total,base,+propagation+fairness,30.0,0.01,0.0020357462038774,-0.0051891788553927,0.009304203219965,False
FMP,pokec_z,auc,dAUC,prop,base,+propagation,0.0,20.0,-0.0066166269575523,-0.0152492005609788,0.0009404019151873,False
FMP,pokec_z,auc,negDP,prop,base,+propagation,0.0,20.0,-0.0583708489087752,-0.0890132904860919,-0.0386173759014494,True
FMP,pokec_z,auc,negEO,prop,base,+propagation,0.0,20.0,-0.0566759343638697,-0.0910199053849771,-0.0302080451604552,True
FMP,pokec_z,auc,dAUC,fair,+propagation,+propagation+fairness,5.0,20.0,0.0001132669159305,-7.980846458816378e-05,0.000321807577214,False
FMP,pokec_z,auc,dAUC,total,base,+propagation+fairness,5.0,20.0,-0.0065033600416218,-0.0150919489971198,0.0010803185615694,False
FMP,pokec_z,auc,negDP,fair,+propagation,+propagation+fairness,5.0,20.0,-0.0023612627201903,-0.0045064542379041,-8.65838992148064e-05,False
FMP,pokec_z,auc,negDP,total,base,+propagation+fairness,5.0,20.0,-0.0607321116289655,-0.0898519153014761,-0.0419653527254786,True
FMP,pokec_z,auc,negEO,fair,+propagation,+propagation+fairness,5.0,20.0,-0.0004465407973749,-0.0028689787230443,0.0018561081725505,False
FMP,pokec_z,auc,negEO,total,base,+propagation+fairness,5.0,20.0,-0.0571224751612447,-0.0909484907816821,-0.0302749410837,True
FMP,pokec_z,auc,dAUC,fair,+propagation,+propagation+fairness,30.0,20.0,2.530569336570698e-05,-0.0003600182599856,0.0003968296735053,False
FMP,pokec_z,auc,dAUC,total,base,+propagation+fairness,30.0,20.0,-0.0065913212641866,-0.0152562799452877,0.0010204708133347,False
FMP,pokec_z,auc,negDP,fair,+propagation,+propagation+fairness,30.0,20.0,-0.0039056388876942,-0.006342423824945,-0.0014737534245671,False
FMP,pokec_z,auc,negDP,total,base,+propagation+fairness,30.0,20.0,-0.0622764877964695,-0.091674634827895,-0.0437542155334351,True
FMP,pokec_z,auc,negEO,fair,+propagation,+propagation+fairness,30.0,20.0,-0.0024361814408166,-0.0047898700853411,-0.0001061609081787,False
FMP,pokec_z,auc,negEO,total,base,+propagation+fairness,30.0,20.0,-0.0591121158046864,-0.0927921115750902,-0.0328106104787033,True
FMP,pokec_n,last,dAUC,prop,base,+propagation,0.0,0.01,5.1016016679839016e-05,-0.0016675641368288,0.0019579571038484,False
FMP,pokec_n,last,negDP,prop,base,+propagation,0.0,0.01,0.0012443358000885,-0.0051603960357527,0.0066827331028864,False
FMP,pokec_n,last,negEO,prop,base,+propagation,0.0,0.01,0.0053071899886158,-0.0027390747276297,0.013223035038169,False
FMP,pokec_n,last,dAUC,fair,+propagation,+propagation+fairness,5.0,0.01,0.0006246246454866,-0.0009049989048124,0.0021373846190477,False
FMP,pokec_n,last,dAUC,total,base,+propagation+fairness,5.0,0.01,0.0006756406621664,-0.000916134041678,0.0022134214775908,False
FMP,pokec_n,last,negDP,fair,+propagation,+propagation+fairness,5.0,0.01,-0.001229962075638,-0.0064366640124431,0.0042187517867221,False
FMP,pokec_n,last,negDP,total,base,+propagation+fairness,5.0,0.01,1.4373724450526814e-05,-0.0057302274508316,0.0054049647747139,False
FMP,pokec_n,last,negEO,fair,+propagation,+propagation+fairness,5.0,0.01,-0.0014812395213406,-0.0108085945511343,0.0080231335991721,False
FMP,pokec_n,last,negEO,total,base,+propagation+fairness,5.0,0.01,0.0038259504672751,-0.0047823310619588,0.0125082021437548,False
FMP,pokec_n,last,dAUC,fair,+propagation,+propagation+fairness,30.0,0.01,0.0003241880105275,-0.0011882230591855,0.0019315040824823,False
FMP,pokec_n,last,dAUC,total,base,+propagation+fairness,30.0,0.01,0.0003752040272073,-0.0010942873493144,0.001718581252502,False
FMP,pokec_n,last,negDP,fair,+propagation,+propagation+fairness,30.0,0.01,-0.0016440390953148,-0.0074493711112356,0.0041828549952392,False
FMP,pokec_n,last,negDP,total,base,+propagation+fairness,30.0,0.01,-0.0003997032952263,-0.0057374777903387,0.0050053259165336,False
FMP,pokec_n,last,negEO,fair,+propagation,+propagation+fairness,30.0,0.01,0.0005649894231124,-0.0073395734807408,0.0075506391662621,False
FMP,pokec_n,last,negEO,total,base,+propagation+fairness,30.0,0.01,0.0058721794117282,-0.0021559956391714,0.0138839216047335,False
FMP,pokec_n,last,dAUC,prop,base,+propagation,0.0,20.0,0.0063996717326015,-0.0055672783147275,0.01742175675162,False
FMP,pokec_n,last,negDP,prop,base,+propagation,0.0,20.0,-0.0426981384978591,-0.0549367998613235,-0.0294792419315015,True
FMP,pokec_n,last,negEO,prop,base,+propagation,0.0,20.0,-0.0047404272207171,-0.0214277456267363,0.0118378732814202,False
FMP,pokec_n,last,dAUC,fair,+propagation,+propagation+fairness,5.0,20.0,0.0003246204197262,3.1605956426852206e-05,0.0006738080575995,False
FMP,pokec_n,last,dAUC,total,base,+propagation+fairness,5.0,20.0,0.0067242921523277,-0.0052229152035989,0.0176515177581896,False
FMP,pokec_n,last,negDP,fair,+propagation,+propagation+fairness,5.0,20.0,0.0007310492112556,-0.0028683096738475,0.0037446520065461,False
FMP,pokec_n,last,negDP,total,base,+propagation+fairness,5.0,20.0,-0.0419670892866034,-0.0557879933907942,-0.0283347574162354,True
FMP,pokec_n,last,negEO,fair,+propagation,+propagation+fairness,5.0,20.0,0.0031869277780162,-0.0010187334065216,0.0071863309936689,False
FMP,pokec_n,last,negEO,total,base,+propagation+fairness,5.0,20.0,-0.0015534994427009,-0.0182896670568973,0.0148316140374446,False
FMP,pokec_n,last,dAUC,fair,+propagation,+propagation+fairness,30.0,20.0,0.000133477565582,-0.0004785010706261,0.0006701172438674,False
FMP,pokec_n,last,dAUC,total,base,+propagation+fairness,30.0,20.0,0.0065331492981835,-0.0053590703905814,0.0175177671649981,False
FMP,pokec_n,last,negDP,fair,+propagation,+propagation+fairness,30.0,20.0,0.0034377972706096,-0.0013820357170203,0.0092314981877436,False
FMP,pokec_n,last,negDP,total,base,+propagation+fairness,30.0,20.0,-0.0392603412272494,-0.0543372577889199,-0.024529413603176,True
FMP,pokec_n,last,negEO,fair,+propagation,+propagation+fairness,30.0,20.0,0.0045860897332128,0.0002846898475495,0.0091080956768607,False
FMP,pokec_n,last,negEO,total,base,+propagation+fairness,30.0,20.0,-0.0001543374875042,-0.0168935741858784,0.0163461290805919,False
FMP,pokec_n,bce,dAUC,prop,base,+propagation,0.0,0.01,3.309207295506174e-06,-0.0020887827870086,0.0012934253863158,False
FMP,pokec_n,bce,negDP,prop,base,+propagation,0.0,0.01,0.0001527961656942,-0.0046844855080111,0.0046538878370687,False
FMP,pokec_n,bce,negEO,prop,base,+propagation,0.0,0.01,0.0014052643291962,-0.003966975266825,0.0073284846371467,False
FMP,pokec_n,bce,dAUC,fair,+propagation,+propagation+fairness,5.0,0.01,-0.000204173878463,-0.0007892231462123,0.0003459789483609,False
FMP,pokec_n,bce,dAUC,total,base,+propagation+fairness,5.0,0.01,-0.0002008646711675,-0.001889137583502,0.0008027316442586,False
FMP,pokec_n,bce,negDP,fair,+propagation,+propagation+fairness,5.0,0.01,0.0019894882210246,-0.0031549197906268,0.0066612135873936,False
FMP,pokec_n,bce,negDP,total,base,+propagation+fairness,5.0,0.01,0.0021422843867189,-0.0021630680525754,0.0063428216286849,False
FMP,pokec_n,bce,negEO,fair,+propagation,+propagation+fairness,5.0,0.01,0.0002906050502013,-0.0059026556823542,0.0062187837691726,False
FMP,pokec_n,bce,negEO,total,base,+propagation+fairness,5.0,0.01,0.0016958693793976,-0.0023563214847338,0.0057401526373203,False
FMP,pokec_n,bce,dAUC,fair,+propagation,+propagation+fairness,30.0,0.01,-0.0002812473774598,-0.000787553111614,0.0001115807588254,False
FMP,pokec_n,bce,dAUC,total,base,+propagation+fairness,30.0,0.01,-0.0002779381701643,-0.0023671408785588,0.0009504670626968,False
FMP,pokec_n,bce,negDP,fair,+propagation,+propagation+fairness,30.0,0.01,0.0011968797242775,-0.0029004158991097,0.0048805900996124,False
FMP,pokec_n,bce,negDP,total,base,+propagation+fairness,30.0,0.01,0.0013496758899717,-0.003248328820727,0.0057594657026018,False
FMP,pokec_n,bce,negEO,fair,+propagation,+propagation+fairness,30.0,0.01,0.0007633033502852,-0.0043473272022117,0.0061050786936202,False
FMP,pokec_n,bce,negEO,total,base,+propagation+fairness,30.0,0.01,0.0021685676794815,-0.0019660511026758,0.0062461536303228,False
FMP,pokec_n,bce,dAUC,prop,base,+propagation,0.0,20.0,0.0071364646532698,-0.0052438252658668,0.0180087928159575,False
FMP,pokec_n,bce,negDP,prop,base,+propagation,0.0,20.0,-0.0442318616454034,-0.0572002053855594,-0.0319895234457425,True
FMP,pokec_n,bce,negEO,prop,base,+propagation,0.0,20.0,-0.0094982843462581,-0.0261710361413117,0.0073195414157777,False
FMP,pokec_n,bce,dAUC,fair,+propagation,+propagation+fairness,5.0,20.0,0.0002148952189299,-2.112301579210504e-05,0.0004990790435673,False
FMP,pokec_n,bce,dAUC,total,base,+propagation+fairness,5.0,20.0,0.0073513598721997,-0.0049783313553482,0.018148273567123,False
FMP,pokec_n,bce,negDP,fair,+propagation,+propagation+fairness,5.0,20.0,0.0018011932080062,-0.0003611490115553,0.0036074241842896,False
FMP,pokec_n,bce,negDP,total,base,+propagation+fairness,5.0,20.0,-0.0424306684373971,-0.0547575917993412,-0.0304868099300676,True
FMP,pokec_n,bce,negEO,fair,+propagation,+propagation+fairness,5.0,20.0,0.0023042109341001,0.000386793201038,0.0043952273752471,False
FMP,pokec_n,bce,negEO,total,base,+propagation+fairness,5.0,20.0,-0.0071940734121579,-0.023561292654388,0.009529790399657,False
FMP,pokec_n,bce,dAUC,fair,+propagation,+propagation+fairness,30.0,20.0,0.0001815638457043,-0.000137646372314,0.00057569841465,False
FMP,pokec_n,bce,dAUC,total,base,+propagation+fairness,30.0,20.0,0.0073180284989741,-0.0049615151865829,0.0180855870850812,False
FMP,pokec_n,bce,negDP,fair,+propagation,+propagation+fairness,30.0,20.0,0.0050433117834552,0.0013351849217125,0.0095716491164397,False
FMP,pokec_n,bce,negDP,total,base,+propagation+fairness,30.0,20.0,-0.0391885498619481,-0.0521175100065776,-0.0281148925345594,True
FMP,pokec_n,bce,negEO,fair,+propagation,+propagation+fairness,30.0,20.0,0.0029352237592057,-0.0001874402104069,0.0061832873387341,False
FMP,pokec_n,bce,negEO,total,base,+propagation+fairness,30.0,20.0,-0.0065630605870523,-0.0218730667894101,0.0095843818497658,False
FMP,pokec_n,auc,dAUC,prop,base,+propagation,0.0,0.01,-0.0003457356141481,-0.00183992340308,0.0007290513514686,False
FMP,pokec_n,auc,negDP,prop,base,+propagation,0.0,0.01,-0.0004660204257934,-0.0040526422411549,0.0032658549907178,False
FMP,pokec_n,auc,negEO,prop,base,+propagation,0.0,0.01,0.0058142175887836,-0.0003574956187448,0.0132404974669094,False
FMP,pokec_n,auc,dAUC,fair,+propagation,+propagation+fairness,5.0,0.01,-0.0004418871401734,-0.001648659036558,0.0006726580591717,False
FMP,pokec_n,auc,dAUC,total,base,+propagation+fairness,5.0,0.01,-0.0007876227543216,-0.002441825911764,0.0005853286453263,False
FMP,pokec_n,auc,negDP,fair,+propagation,+propagation+fairness,5.0,0.01,0.0011555569069205,-0.0034884122870669,0.0061808408392927,False
FMP,pokec_n,auc,negDP,total,base,+propagation+fairness,5.0,0.01,0.000689536481127,-0.0036477749620495,0.0049271360671616,False
FMP,pokec_n,auc,negEO,fair,+propagation,+propagation+fairness,5.0,0.01,-3.776629569966309e-05,-0.0047015869463178,0.0044462433470697,False
FMP,pokec_n,auc,negEO,total,base,+propagation+fairness,5.0,0.01,0.0057764512930839,-0.0013726381480494,0.013012015322338,False
FMP,pokec_n,auc,dAUC,fair,+propagation,+propagation+fairness,30.0,0.01,0.000452295091782,-0.0004563638729324,0.0013817840933653,False
FMP,pokec_n,auc,dAUC,total,base,+propagation+fairness,30.0,0.01,0.0001065594776338,-0.0011082891870876,0.0011123389746217,False
FMP,pokec_n,auc,negDP,fair,+propagation,+propagation+fairness,30.0,0.01,1.287255263285568e-05,-0.0042893398880687,0.0047085337401919,False
FMP,pokec_n,auc,negDP,total,base,+propagation+fairness,30.0,0.01,-0.0004531478731606,-0.0049829093574617,0.0052334208225399,False
FMP,pokec_n,auc,negEO,fair,+propagation,+propagation+fairness,30.0,0.01,-0.0027931444931375,-0.0095843309511406,0.0038470655148647,False
FMP,pokec_n,auc,negEO,total,base,+propagation+fairness,30.0,0.01,0.0030210730956461,-0.0045787790843324,0.0110700214557593,False
FMP,pokec_n,auc,dAUC,prop,base,+propagation,0.0,20.0,0.0057215678027004,-0.0064301703117024,0.0169368436018233,False
FMP,pokec_n,auc,negDP,prop,base,+propagation,0.0,20.0,-0.0448406509662639,-0.0577901271602889,-0.0322663719440165,True
FMP,pokec_n,auc,negEO,prop,base,+propagation,0.0,20.0,-0.0068852860731194,-0.0195818628328169,0.0066027859956401,False
FMP,pokec_n,auc,dAUC,fair,+propagation,+propagation+fairness,5.0,20.0,0.0002340384123418,-4.984520970089649e-05,0.0005414544590772,False
FMP,pokec_n,auc,dAUC,total,base,+propagation+fairness,5.0,20.0,0.0059556062150422,-0.0061685386534446,0.0171547751529549,False
FMP,pokec_n,auc,negDP,fair,+propagation,+propagation+fairness,5.0,20.0,-0.0011283201505995,-0.0039884464508934,0.0013883409101348,False
FMP,pokec_n,auc,negDP,total,base,+propagation+fairness,5.0,20.0,-0.0459689711168635,-0.0594020835668853,-0.0329942505734108,True
FMP,pokec_n,auc,negEO,fair,+propagation,+propagation+fairness,5.0,20.0,0.0001300372050871,-0.0027668645444737,0.0029586545499104,False
FMP,pokec_n,auc,negEO,total,base,+propagation+fairness,5.0,20.0,-0.0067552488680323,-0.0194571719662004,0.0070817075306595,False
FMP,pokec_n,auc,dAUC,fair,+propagation,+propagation+fairness,30.0,20.0,0.0002384090685038,-7.69234673395062e-05,0.0005785434308342,False
FMP,pokec_n,auc,dAUC,total,base,+propagation+fairness,30.0,20.0,0.0059599768712042,-0.006229930784108,0.017165376440855,False
FMP,pokec_n,auc,negDP,fair,+propagation,+propagation+fairness,30.0,20.0,0.0001188013520996,-0.0034786165192171,0.0036297854196965,False
FMP,pokec_n,auc,negDP,total,base,+propagation+fairness,30.0,20.0,-0.0447218496141643,-0.0580466815266423,-0.031557989903419,True
FMP,pokec_n,auc,negEO,fair,+propagation,+propagation+fairness,30.0,20.0,0.0023077074221061,-0.0019847473976988,0.0061273698989357,False
FMP,pokec_n,auc,negEO,total,base,+propagation+fairness,30.0,20.0,-0.0045775786510133,-0.0171049555280259,0.0093858157546712,False
FMP,pokec_z,last,dAUC,base,B,base,0.0,0.0,0.066238777909176,0.057611598944754,0.0745151959223608,True
FMP,pokec_z,last,negDP,base,B,base,0.0,0.0,0.0259774492166687,0.0061009561321799,0.0476973099700297,True
FMP,pokec_z,last,negEO,base,B,base,0.0,0.0,0.0283276963508467,0.0062285001787064,0.0517544133387526,True
FMP,pokec_z,last,dAUC,pkg,B,+propagation+fairness,5.0,0.01,0.0662228431813153,0.058157884366861,0.0740755727432075,True
FMP,pokec_z,last,negDP,pkg,B,+propagation+fairness,5.0,0.01,0.0264731502784224,0.0046652902435595,0.0492982058039473,True
FMP,pokec_z,last,negEO,pkg,B,+propagation+fairness,5.0,0.01,0.0282496277264594,0.006581275230481,0.0504543914523094,False
FMP,pokec_z,last,dAUC,pkg,B,+propagation+fairness,30.0,0.01,0.0668956619405908,0.0586765427697573,0.0746269954122108,True
FMP,pokec_z,last,negDP,pkg,B,+propagation+fairness,30.0,0.01,0.0258980700779076,0.0037173442873006,0.0490584507944797,True
FMP,pokec_z,last,negEO,pkg,B,+propagation+fairness,30.0,0.01,0.0296742874701507,0.0089419562859976,0.0509555842467753,True
FMP,pokec_z,last,dAUC,pkg,B,+propagation+fairness,5.0,20.0,0.060337348731518,0.0525362008912884,0.0679512595094203,True
FMP,pokec_z,last,negDP,pkg,B,+propagation+fairness,5.0,20.0,-0.0330238381894873,-0.0493580064304491,-0.0112788034067573,True
FMP,pokec_z,last,negEO,pkg,B,+propagation+fairness,5.0,20.0,-0.0284493760157616,-0.0439568947134445,-0.0114333281775816,True
FMP,pokec_z,last,dAUC,pkg,B,+propagation+fairness,30.0,20.0,0.0603346389216249,0.0525328642015531,0.0679133045044115,True
FMP,pokec_z,last,negDP,pkg,B,+propagation+fairness,30.0,20.0,-0.0357702050579491,-0.0527566098164879,-0.0140003239662009,True
FMP,pokec_z,last,negEO,pkg,B,+propagation+fairness,30.0,20.0,-0.0300935014761398,-0.0457025303581983,-0.0127064699259466,True
FMP,pokec_z,bce,dAUC,base,B,base,0.0,0.0,0.0633931899132851,0.0559925774627252,0.0713118325645719,True
FMP,pokec_z,bce,negDP,base,B,base,0.0,0.0,0.0208228111310621,0.0003392562793716,0.045023831088422,True
FMP,pokec_z,bce,negEO,base,B,base,0.0,0.0,0.0253331239797469,0.0063291423452662,0.047361368296428,True
FMP,pokec_z,bce,dAUC,pkg,B,+propagation+fairness,5.0,0.01,0.0634364960551878,0.0554064696776797,0.0718188750367394,True
FMP,pokec_z,bce,negDP,pkg,B,+propagation+fairness,5.0,0.01,0.0204975869081855,0.0006748137978727,0.0432277526760819,True
FMP,pokec_z,bce,negEO,pkg,B,+propagation+fairness,5.0,0.01,0.0271410915934598,0.0098346536728313,0.0484641779877758,True
FMP,pokec_z,bce,dAUC,pkg,B,+propagation+fairness,30.0,0.01,0.0639568548342536,0.0559319830963984,0.0724585750910496,True
FMP,pokec_z,bce,negDP,pkg,B,+propagation+fairness,30.0,0.01,0.0199988085669692,-4.727980703550078e-05,0.043247837344056,False
FMP,pokec_z,bce,negEO,pkg,B,+propagation+fairness,30.0,0.01,0.027764327233975,0.0116090899706998,0.0476578203572049,True
FMP,pokec_z,bce,dAUC,pkg,B,+propagation+fairness,5.0,20.0,0.0600948111603535,0.0519053739232158,0.0678405167418141,True
FMP,pokec_z,bce,negDP,pkg,B,+propagation+fairness,5.0,20.0,-0.0359852040928035,-0.0521390042427758,-0.0158931661430421,True
FMP,pokec_z,bce,negEO,pkg,B,+propagation+fairness,5.0,20.0,-0.0303605915255144,-0.0457069559522735,-0.0132791477662141,True
FMP,pokec_z,bce,dAUC,pkg,B,+propagation+fairness,30.0,20.0,0.0601023721413638,0.0520701650350754,0.0677415479563521,True
FMP,pokec_z,bce,negDP,pkg,B,+propagation+fairness,30.0,20.0,-0.0359054338602954,-0.0520291541634338,-0.0157120390496295,True
FMP,pokec_z,bce,negEO,pkg,B,+propagation+fairness,30.0,20.0,-0.030456333380148,-0.0460240091248947,-0.0132605595293328,True
FMP,pokec_z,auc,dAUC,base,B,base,0.0,0.0,0.0664386238637169,0.0590291439598212,0.0736574895170806,True
FMP,pokec_z,auc,negDP,base,B,base,0.0,0.0,0.0264517522845989,0.0036469932835625,0.0524617941316319,True
FMP,pokec_z,auc,negEO,base,B,base,0.0,0.0,0.0282435850092723,0.0081707555657098,0.0515066049258753,False
FMP,pokec_z,auc,dAUC,pkg,B,+propagation+fairness,5.0,0.01,0.0662747289577909,0.0589018747222774,0.0734634407359214,True
FMP,pokec_z,auc,negDP,pkg,B,+propagation+fairness,5.0,0.01,0.0261821302591751,0.0063559902535773,0.0484892801342167,True
FMP,pokec_z,auc,negEO,pkg,B,+propagation+fairness,5.0,0.01,0.0281098426597951,0.0080330244547331,0.0508300159474978,True
FMP,pokec_z,auc,dAUC,pkg,B,+propagation+fairness,30.0,0.01,0.0667892779220347,0.0594055623866643,0.0741364260873416,True
FMP,pokec_z,auc,negDP,pkg,B,+propagation+fairness,30.0,0.01,0.0264588588994519,0.0060879344919041,0.0492413078126858,True
FMP,pokec_z,auc,negEO,pkg,B,+propagation+fairness,30.0,0.01,0.0302793312131498,0.0117828923283354,0.0516254104272522,True
FMP,pokec_z,auc,dAUC,pkg,B,+propagation+fairness,5.0,20.0,0.0599352638220951,0.0519697045860605,0.0681600297621429,True
FMP,pokec_z,auc,negDP,pkg,B,+propagation+fairness,5.0,20.0,-0.0342803593443666,-0.0490550944147493,-0.017158654252004,True
FMP,pokec_z,auc,negEO,pkg,B,+propagation+fairness,5.0,20.0,-0.0288788901519723,-0.0440767408194082,-0.013262348860296,True
FMP,pokec_z,auc,dAUC,pkg,B,+propagation+fairness,30.0,20.0,0.0598473025995302,0.0518005939854135,0.0681418923058653,True
FMP,pokec_z,auc,negDP,pkg,B,+propagation+fairness,30.0,20.0,-0.0358247355118705,-0.0504858812518952,-0.0188632916837574,True
FMP,pokec_z,auc,negEO,pkg,B,+propagation+fairness,30.0,20.0,-0.030868530795414,-0.0456013893340695,-0.0153094224833686,True
FMP,pokec_n,last,dAUC,base,B,base,0.0,0.0,0.0152346923332259,0.0026114315491454,0.0285334484362282,True
FMP,pokec_n,last,negDP,base,B,base,0.0,0.0,-0.002971971621573,-0.0129651182308268,0.0064092482888332,False
FMP,pokec_n,last,negEO,base,B,base,0.0,0.0,-0.0070566219280666,-0.0345712743988557,0.0200775930964422,False
FMP,pokec_n,last,dAUC,pkg,B,+propagation+fairness,5.0,0.01,0.0159103329953924,0.0039187397953556,0.0284233723765277,True
FMP,pokec_n,last,negDP,pkg,B,+propagation+fairness,5.0,0.01,-0.0029575978971224,-0.0124657303908818,0.0064428611608729,False
FMP,pokec_n,last,negEO,pkg,B,+propagation+fairness,5.0,0.01,-0.0032306714607914,-0.0280451474927091,0.0218804279681518,False
FMP,pokec_n,last,dAUC,pkg,B,+propagation+fairness,30.0,0.01,0.0156098963604333,0.0035885870699313,0.0281262625819159,True
FMP,pokec_n,last,negDP,pkg,B,+propagation+fairness,30.0,0.01,-0.0033716749167993,-0.0121243174284393,0.0052085647339141,False
FMP,pokec_n,last,negEO,pkg,B,+propagation+fairness,30.0,0.01,-0.0011844425163383,-0.0285698799624663,0.0257313888039112,False
FMP,pokec_n,last,dAUC,pkg,B,+propagation+fairness,5.0,20.0,0.0219589844855537,0.0161591752323363,0.0278285179370942,True
FMP,pokec_n,last,negDP,pkg,B,+propagation+fairness,5.0,20.0,-0.0449390609081764,-0.0604066236619329,-0.0305496247695236,True
FMP,pokec_n,last,negEO,pkg,B,+propagation+fairness,5.0,20.0,-0.0086101213707675,-0.037349844379012,0.0198105421263385,False
FMP,pokec_n,last,dAUC,pkg,B,+propagation+fairness,30.0,20.0,0.0217678416314095,0.0156848054466843,0.0278256186277914,True
FMP,pokec_n,last,negDP,pkg,B,+propagation+fairness,30.0,20.0,-0.0422323128488224,-0.0595951755727954,-0.0255606985743083,True
FMP,pokec_n,last,negEO,pkg,B,+propagation+fairness,30.0,20.0,-0.0072109594155709,-0.0360546020751603,0.0207584029837349,False
FMP,pokec_n,bce,dAUC,base,B,base,0.0,0.0,0.0146549113036413,0.0014227898466753,0.0282752588688085,True
FMP,pokec_n,bce,negDP,base,B,base,0.0,0.0,-0.0020880114289573,-0.0191497764784126,0.0122006841621158,False
FMP,pokec_n,bce,negEO,base,B,base,0.0,0.0,-0.0026856056792835,-0.031253396077966,0.0237413749139448,False
FMP,pokec_n,bce,dAUC,pkg,B,+propagation+fairness,5.0,0.01,0.0144540466324737,0.0017503794584351,0.0274393827289586,False
FMP,pokec_n,bce,negDP,pkg,B,+propagation+fairness,5.0,0.01,5.42729577615859e-05,-0.0160796777696821,0.0134870362714459,False
FMP,pokec_n,bce,negEO,pkg,B,+propagation+fairness,5.0,0.01,-0.0009897362998858,-0.02977139202373,0.026417958422904,False
FMP,pokec_n,bce,dAUC,pkg,B,+propagation+fairness,30.0,0.01,0.0143769731334769,0.0018377540382234,0.0272496434966172,True
FMP,pokec_n,bce,negDP,pkg,B,+propagation+fairness,30.0,0.01,-0.0007383355389855,-0.0166506641324825,0.0120906300905558,False
FMP,pokec_n,bce,negEO,pkg,B,+propagation+fairness,30.0,0.01,-0.000517037999802,-0.0282826712776474,0.025800514173803,False
FMP,pokec_n,bce,dAUC,pkg,B,+propagation+fairness,5.0,20.0,0.022006271175841,0.0161274594205831,0.0278735774744742,True
FMP,pokec_n,bce,negDP,pkg,B,+propagation+fairness,5.0,20.0,-0.0445186798663545,-0.0597481374579767,-0.0307907343046953,True
FMP,pokec_n,bce,negEO,pkg,B,+propagation+fairness,5.0,20.0,-0.0098796790914415,-0.0373029446045459,0.0178096580576863,False
FMP,pokec_n,bce,dAUC,pkg,B,+propagation+fairness,30.0,20.0,0.0219729398026154,0.0160468984454581,0.0278818986762376,True
FMP,pokec_n,bce,negDP,pkg,B,+propagation+fairness,30.0,20.0,-0.0412765612909054,-0.0586655513162616,-0.0260909703705,True
FMP,pokec_n,bce,negEO,pkg,B,+propagation+fairness,30.0,20.0,-0.0092486662663359,-0.0362460814630082,0.0173915952830476,False
FMP,pokec_n,auc,dAUC,base,B,base,0.0,0.0,0.0162492970867436,0.0026020390413443,0.0296777873614066,True
FMP,pokec_n,auc,negDP,base,B,base,0.0,0.0,-0.0012574597879454,-0.0156790564182773,0.0112210056170227,False
FMP,pokec_n,auc,negEO,base,B,base,0.0,0.0,-0.0043334229545615,-0.0322230989011198,0.0222882248898581,False
FMP,pokec_n,auc,dAUC,pkg,B,+propagation+fairness,5.0,0.01,0.0154616743324219,0.0016824347272432,0.0290734916094925,False
FMP,pokec_n,auc,negDP,pkg,B,+propagation+fairness,5.0,0.01,-0.0005679233068183,-0.0131556256969467,0.0103066685615892,False
FMP,pokec_n,auc,negEO,pkg,B,+propagation+fairness,5.0,0.01,0.0014430283385224,-0.0255639313793477,0.0273616381782159,False
FMP,pokec_n,auc,dAUC,pkg,B,+propagation+fairness,30.0,0.01,0.0163558565643775,0.0026188223743213,0.0298909169897341,True
FMP,pokec_n,auc,negDP,pkg,B,+propagation+fairness,30.0,0.01,-0.001710607661106,-0.012782705217279,0.0081216375146394,False
FMP,pokec_n,auc,negEO,pkg,B,+propagation+fairness,30.0,0.01,-0.0013123498589154,-0.0285173623681294,0.0232734573204831,False
FMP,pokec_n,auc,dAUC,pkg,B,+propagation+fairness,5.0,20.0,0.0222049033017858,0.0166435504318538,0.0280711591806316,True
FMP,pokec_n,auc,negDP,pkg,B,+propagation+fairness,5.0,20.0,-0.0472264309048089,-0.0610574629558955,-0.033813126846626,True
FMP,pokec_n,auc,negEO,pkg,B,+propagation+fairness,5.0,20.0,-0.0110886718225938,-0.0386517825784396,0.0157917824560157,False
FMP,pokec_n,auc,dAUC,pkg,B,+propagation+fairness,30.0,20.0,0.0222092739579479,0.0166683004184063,0.0280398105858284,True
FMP,pokec_n,auc,negDP,pkg,B,+propagation+fairness,30.0,20.0,-0.0459793094021097,-0.0606381403886592,-0.0318198892899479,True
FMP,pokec_n,auc,negEO,pkg,B,+propagation+fairness,30.0,20.0,-0.0089110016055748,-0.0370387567186647,0.0176635406996553,False
